id,age,bp,sg,al,su,rbc,pc,pcc,ba,bgr,bu,sc,sod,pot,hemo,pcv,wc,rc,htn,dm,cad,appet,pe,ane,classification,eGFR,CKD_Stage,Risk_Cluster,PC1,PC2
0,48.0,80.0,1.02,1.0,0.0,0.0,0.0,0.0,0.0,121.0,36.0,1.2,138.0,4.4,15.4,44.0,7800.0,5.2,1.0,1.0,0.0,1.0,0.0,0.0,1,74.59564888654876,Stage 2,0,0.7986028814819573,0.04066840631460921
1,7.0,50.0,1.02,4.0,0.0,0.0,0.0,0.0,0.0,121.0,18.0,0.8,138.0,4.4,11.3,38.0,6000.0,4.8,0.0,0.0,0.0,1.0,0.0,0.0,1,140.87351565191642,Stage 1,0,2.5680892363376318,-1.4816794996298481
2,62.0,80.0,1.01,2.0,3.0,0.0,0.0,0.0,0.0,423.0,53.0,1.8,138.0,4.4,9.6,31.0,7500.0,4.8,0.0,1.0,0.0,0.0,0.0,1.0,1,42.032950754556055,Stage 3,1,-1.0783707047175648,0.21942440280106137
3,48.0,70.0,1.005,4.0,0.0,0.0,1.0,1.0,0.0,117.0,56.0,3.8,111.0,2.5,11.2,32.0,6700.0,3.9,1.0,0.0,0.0,0.0,1.0,1.0,1,18.706419760852917,Stage 4,1,-0.7297227335683683,0.046045609562802126
4,51.0,80.0,1.01,2.0,0.0,0.0,0.0,0.0,0.0,106.0,26.0,1.4,138.0,4.4,11.6,35.0,7300.0,4.6,0.0,0.0,0.0,1.0,0.0,0.0,1,60.85192562403976,Stage 2,1,-0.17747271721265528,-0.15027942835270547
5,60.0,90.0,1.015,3.0,0.0,0.0,0.0,0.0,0.0,74.0,25.0,1.1,142.0,3.2,12.2,39.0,7800.0,4.4,1.0,1.0,0.0,1.0,1.0,0.0,1,76.8506735338014,Stage 2,1,-0.23966099755511594,-0.04850648135623234
6,68.0,70.0,1.01,0.0,0.0,0.0,0.0,0.0,0.0,100.0,54.0,24.0,104.0,4.0,12.4,36.0,8000.0,4.8,0.0,0.0,0.0,1.0,0.0,0.0,1,1.8090782384722526,Stage 5,2,-2.65334119084397,0.2632443459283453
7,24.0,80.0,1.015,2.0,4.0,0.0,1.0,0.0,0.0,410.0,31.0,1.1,138.0,4.4,12.4,44.0,6900.0,5.0,0.0,1.0,0.0,1.0,1.0,0.0,1,96.13553584725234,Stage 1,0,1.069668476076581,-1.4512472773244962
8,52.0,100.0,1.015,3.0,0.0,0.0,1.0,1.0,0.0,138.0,60.0,1.9,138.0,4.4,10.8,33.0,9600.0,4.0,1.0,1.0,0.0,1.0,0.0,1.0,1,41.92013184148024,Stage 3,1,-1.1066694719840087,-0.81672263217823
9,53.0,90.0,1.02,2.0,0.0,1.0,1.0,1.0,0.0,70.0,107.0,7.2,114.0,3.7,9.5,29.0,12100.0,3.7,1.0,1.0,0.0,0.0,0.0,1.0,1,8.42222729354492,Stage 5,1,-2.001378616283783,-0.6785157559436347
10,50.0,60.0,1.01,2.0,4.0,0.0,1.0,1.0,0.0,490.0,55.0,4.0,138.0,4.4,9.4,28.0,8000.0,4.8,1.0,1.0,0.0,1.0,0.0,1.0,1,17.372286642094767,Stage 4,1,-0.9111787261140968,0.2995137998029816
11,63.0,70.0,1.01,3.0,0.0,1.0,1.0,1.0,0.0,380.0,60.0,2.7,131.0,4.2,10.8,32.0,4500.0,3.8,1.0,1.0,0.0,0.0,1.0,0.0,1,25.67907410120605,Stage 4,1,-0.946544393550524,0.7385027233731688
12,68.0,70.0,1.015,3.0,1.0,0.0,0.0,1.0,0.0,208.0,72.0,2.1,138.0,5.8,9.7,28.0,12200.0,3.4,1.0,1.0,1.0,0.0,1.0,0.0,1,33.65485206397036,Stage 3,1,-1.1008243243234415,0.8661279232984059
13,68.0,70.0,1.02,0.0,0.0,0.0,0.0,0.0,0.0,98.0,86.0,4.6,135.0,3.4,9.8,40.0,8000.0,4.8,1.0,1.0,1.0,0.0,1.0,0.0,1,13.134133960951425,Stage 5,1,-1.5549275540717116,0.8348539104456586
14,68.0,80.0,1.01,3.0,2.0,0.0,1.0,1.0,1.0,157.0,90.0,4.1,130.0,6.4,5.6,16.0,11000.0,2.6,1.0,1.0,1.0,0.0,1.0,0.0,1,15.078919110874969,Stage 4,1,-2.495940306555568,0.10199911033405554
15,40.0,80.0,1.015,3.0,0.0,0.0,0.0,0.0,0.0,76.0,162.0,9.6,141.0,4.9,7.6,24.0,3800.0,2.8,1.0,0.0,0.0,1.0,0.0,1.0,1,6.465670557826314,Stage 5,1,-2.0493801699608922,-1.2369749058614214
16,47.0,70.0,1.015,2.0,0.0,0.0,0.0,0.0,0.0,99.0,46.0,2.2,138.0,4.1,12.6,40.0,8000.0,4.8,0.0,0.0,0.0,1.0,0.0,0.0,1,36.268098117289384,Stage 3,1,-0.0842623334181245,0.1464997918089257
17,47.0,80.0,1.02,0.0,0.0,0.0,0.0,0.0,0.0,114.0,87.0,5.2,139.0,3.7,12.1,40.0,8000.0,4.8,1.0,0.0,0.0,0.0,0.0,0.0,1,12.918972881429434,Stage 5,1,-0.9538451535863046,-0.2949051414535523
18,60.0,100.0,1.025,0.0,3.0,0.0,0.0,0.0,0.0,263.0,27.0,1.3,135.0,4.3,12.7,37.0,11400.0,4.3,1.0,1.0,1.0,1.0,0.0,0.0,1,62.890765002414966,Stage 2,1,-0.5867910541171607,-0.29992672579223295
19,62.0,60.0,1.015,1.0,0.0,0.0,1.0,1.0,0.0,100.0,31.0,1.6,138.0,4.4,10.3,30.0,5300.0,3.7,1.0,0.0,1.0,1.0,0.0,0.0,1,48.41421627355366,Stage 3,1,-0.38823813428066123,0.9528464082385933
20,61.0,80.0,1.015,2.0,0.0,1.0,1.0,0.0,0.0,173.0,148.0,3.9,135.0,5.2,7.7,24.0,9200.0,3.2,1.0,1.0,1.0,0.0,1.0,1.0,1,16.72400790888019,Stage 4,1,-1.9193923410432627,-0.019670193723297084
21,60.0,90.0,1.02,0.0,0.0,0.0,0.0,0.0,0.0,121.0,180.0,76.0,4.5,4.4,10.9,32.0,6200.0,3.6,1.0,1.0,1.0,1.0,0.0,0.0,1,0.4768069636501303,Stage 5,2,-7.039149509998475,-3.248696773135561
22,48.0,80.0,1.025,4.0,0.0,0.0,1.0,0.0,0.0,95.0,163.0,7.7,136.0,3.8,9.8,32.0,6900.0,3.4,1.0,0.0,0.0,1.0,0.0,1.0,1,8.015712301061573,Stage 5,1,-1.6530022865990712,-0.566522788023417
23,21.0,70.0,1.01,0.0,0.0,0.0,0.0,0.0,0.0,121.0,42.0,1.3,138.0,4.4,12.649999999999999,40.0,8000.0,4.8,0.0,0.0,0.0,0.0,0.0,1.0,1,80.15417963516593,Stage 2,0,1.1679982550352208,-1.1832349373273048
24,42.0,100.0,1.015,4.0,0.0,0.0,1.0,0.0,1.0,121.0,50.0,1.4,129.0,4.0,11.1,39.0,8300.0,4.6,1.0,0.0,0.0,0.0,0.0,0.0,1,64.35516292007354,Stage 2,1,-0.4833999575391676,-1.3129737975616385
25,61.0,60.0,1.025,0.0,0.0,0.0,0.0,0.0,0.0,108.0,75.0,1.9,141.0,5.2,9.9,29.0,8400.0,3.7,1.0,1.0,0.0,1.0,0.0,1.0,1,39.63816777429085,Stage 3,1,-0.5866325131639755,0.8834731257767182
26,75.0,80.0,1.015,0.0,0.0,0.0,0.0,0.0,0.0,156.0,45.0,2.4,140.0,3.4,11.6,35.0,10300.0,4.0,1.0,1.0,0.0,0.0,0.0,0.0,1,27.450502339263892,Stage 4,1,-1.2369033886501766,1.0497787860869883
27,69.0,70.0,1.01,3.0,4.0,0.0,1.0,0.0,0.0,264.0,87.0,2.7,130.0,4.0,12.5,37.0,9600.0,4.1,1.0,1.0,1.0,1.0,1.0,0.0,1,24.73849726567437,Stage 4,1,-0.7739725494295532,1.189968329435456
28,75.0,70.0,1.02,1.0,3.0,0.0,0.0,0.0,0.0,123.0,31.0,1.4,138.0,4.4,12.649999999999999,40.0,8000.0,4.8,0.0,1.0,0.0,1.0,0.0,0.0,1,52.41434266331489,Stage 3,1,-0.38911640624822336,1.4502069414705658
29,68.0,70.0,1.005,1.0,0.0,1.0,1.0,1.0,0.0,121.0,28.0,1.4,138.0,4.4,12.9,38.0,8000.0,4.8,0.0,0.0,1.0,1.0,0.0,0.0,1,54.7466055408157,Stage 3,1,-0.1597980593883739,1.136954526067857
30,55.0,70.0,1.02,0.0,0.0,0.0,0.0,0.0,0.0,93.0,155.0,7.3,132.0,4.9,12.649999999999999,40.0,8000.0,4.8,1.0,1.0,0.0,1.0,0.0,0.0,1,8.181567279814416,Stage 5,1,-1.0162609159587503,0.3972197674105891
31,73.0,90.0,1.015,3.0,0.0,0.0,1.0,1.0,0.0,107.0,33.0,1.5,141.0,4.6,10.1,30.0,7800.0,4.0,0.0,0.0,0.0,0.0,0.0,0.0,1,48.85356833838521,Stage 3,1,-1.3315150591867513,0.4370717533458368
32,61.0,90.0,1.01,1.0,1.0,0.0,0.0,0.0,0.0,159.0,39.0,1.5,133.0,4.9,11.3,34.0,9600.0,4.0,1.0,1.0,0.0,0.0,0.0,0.0,1,52.6390910948695,Stage 3,1,-0.7986666965588191,-0.024011101766001384
33,60.0,100.0,1.02,2.0,0.0,1.0,1.0,0.0,0.0,140.0,55.0,2.5,138.0,4.4,10.1,29.0,8000.0,4.8,1.0,0.0,0.0,0.0,0.0,0.0,1,28.69398651530593,Stage 4,1,-1.638378377387075,-0.4896400783707822
34,70.0,70.0,1.01,1.0,0.0,0.0,0.0,1.0,1.0,171.0,153.0,5.2,138.0,4.4,12.649999999999999,40.0,8000.0,4.8,0.0,1.0,0.0,0.0,0.0,0.0,1,11.197080796217401,Stage 5,1,-1.14175505738759,1.1867491682365114
35,65.0,90.0,1.02,2.0,1.0,1.0,0.0,0.0,0.0,270.0,39.0,2.0,138.0,4.4,12.0,36.0,9800.0,4.9,1.0,1.0,0.0,0.0,0.0,1.0,1,36.35614840472475,Stage 3,1,-1.0213787644608707,0.26609640758319103
36,76.0,70.0,1.015,1.0,0.0,0.0,0.0,0.0,0.0,92.0,29.0,1.8,133.0,3.9,10.3,32.0,8000.0,4.8,1.0,0.0,0.0,1.0,0.0,0.0,1,38.52793856273349,Stage 3,1,-1.07065911132588,1.297996830558095
37,72.0,80.0,1.02,0.0,0.0,0.0,0.0,0.0,0.0,137.0,65.0,3.4,141.0,4.7,9.7,28.0,6900.0,2.5,1.0,1.0,0.0,0.0,0.0,1.0,1,18.413320340711987,Stage 4,1,-1.7248457336035243,0.7097422701349508
38,69.0,80.0,1.02,3.0,0.0,1.0,0.0,0.0,0.0,121.0,103.0,4.1,132.0,5.9,12.5,40.0,8000.0,4.8,1.0,0.0,0.0,1.0,0.0,0.0,1,14.985429812387544,Stage 5,1,-1.2420430127599975,0.8219676852541464
39,82.0,80.0,1.01,2.0,2.0,0.0,0.0,0.0,0.0,140.0,70.0,3.4,136.0,4.2,13.0,40.0,9800.0,4.2,1.0,1.0,0.0,1.0,0.0,0.0,1,17.30302490335442,Stage 4,1,-1.3444258575211014,1.5061052968773851
40,46.0,90.0,1.01,2.0,0.0,0.0,1.0,0.0,0.0,99.0,80.0,2.1,138.0,4.4,11.1,32.0,9100.0,4.1,1.0,0.0,0.0,1.0,0.0,0.0,1,38.58956232037149,Stage 3,1,-0.7561669476443846,-0.7284446537196372
41,45.0,70.0,1.01,0.0,0.0,0.0,0.0,0.0,0.0,121.0,20.0,0.7,138.0,4.4,12.649999999999999,40.0,8000.0,4.8,0.0,0.0,0.0,1.0,1.0,0.0,1,115.79895296162347,Stage 1,0,1.200289120736844,-0.14846319319568013
42,47.0,100.0,1.01,0.0,0.0,0.0,0.0,0.0,0.0,204.0,29.0,1.0,139.0,4.2,9.7,33.0,9200.0,4.5,1.0,0.0,0.0,1.0,0.0,1.0,1,93.41830841115338,Stage 1,1,-0.4101579428885125,-1.2957344160119237
43,35.0,80.0,1.01,1.0,0.0,1.0,0.0,0.0,0.0,79.0,202.0,10.8,134.0,3.4,7.9,24.0,7900.0,3.1,0.0,1.0,0.0,1.0,0.0,0.0,1,5.7907602351230345,Stage 5,1,-1.9839676983437018,-1.4943048280247697
44,54.0,80.0,1.01,3.0,0.0,1.0,1.0,0.0,0.0,207.0,77.0,6.3,134.0,4.8,9.7,28.0,8000.0,4.8,1.0,1.0,0.0,0.0,1.0,0.0,1,9.824631874247292,Stage 5,1,-1.6722160169257376,-0.23758756044420823
45,54.0,80.0,1.02,3.0,0.0,0.0,1.0,0.0,0.0,208.0,89.0,5.9,130.0,4.9,9.3,40.0,8000.0,4.8,1.0,1.0,0.0,0.0,1.0,0.0,1,10.629247799049734,Stage 5,1,-1.7055974526436506,-0.2615218038566202
46,48.0,70.0,1.015,0.0,0.0,0.0,0.0,0.0,0.0,124.0,24.0,1.2,142.0,4.2,12.4,37.0,6400.0,4.7,0.0,1.0,0.0,1.0,0.0,0.0,1,74.59564888654876,Stage 2,0,0.47148292591729407,0.08732488687370211
47,11.0,80.0,1.01,3.0,0.0,0.0,0.0,0.0,0.0,121.0,17.0,0.8,138.0,4.4,15.0,45.0,8600.0,4.8,0.0,0.0,0.0,1.0,0.0,0.0,1,137.41220944314534,Stage 1,0,2.434168220854001,-1.938033767161617
48,73.0,70.0,1.005,0.0,0.0,0.0,0.0,0.0,0.0,70.0,32.0,0.9,125.0,4.0,10.0,29.0,18900.0,3.5,1.0,1.0,0.0,1.0,1.0,0.0,1,90.18094673195955,Stage 1,1,-0.2668401455933622,0.9906126517576781
49,60.0,70.0,1.01,2.0,0.0,0.0,1.0,1.0,0.0,144.0,72.0,3.0,138.0,4.4,9.7,29.0,21600.0,3.5,1.0,1.0,0.0,0.0,0.0,1.0,1,23.05543892334204,Stage 4,1,-1.1447122153565172,0.48564242731841445
50,53.0,60.0,1.02,0.0,0.0,0.0,0.0,0.0,0.0,91.0,114.0,3.25,142.0,4.3,8.6,28.0,11000.0,3.8,1.0,1.0,0.0,0.0,1.0,1.0,1,21.875899536445853,Stage 4,1,-1.0050899924712133,0.3807740759915062
51,54.0,100.0,1.015,3.0,0.0,0.0,0.0,1.0,0.0,162.0,66.0,1.6,136.0,4.4,10.3,33.0,8000.0,4.8,1.0,1.0,0.0,0.0,1.0,0.0,1,50.88396750912683,Stage 3,1,-1.0935946047425233,-0.7886275057474432
52,53.0,90.0,1.015,0.0,0.0,0.0,0.0,0.0,0.0,121.0,38.0,2.2,138.0,4.4,10.9,34.0,4300.0,3.7,0.0,0.0,0.0,0.0,0.0,1.0,1,34.93966498050777,Stage 3,1,-1.0021511130027372,-0.41025757807332597
53,62.0,80.0,1.015,0.0,5.0,0.0,0.0,0.0,0.0,246.0,24.0,1.0,138.0,4.4,13.6,40.0,8500.0,4.7,1.0,1.0,0.0,1.0,0.0,0.0,1,85.097516373144,Stage 2,0,0.32815543708713346,0.49740960227713255
54,63.0,80.0,1.01,2.0,2.0,0.0,0.0,0.0,0.0,121.0,42.0,3.4,136.0,4.2,13.0,40.0,9800.0,4.2,1.0,0.0,1.0,1.0,0.0,0.0,1,19.47337275318513,Stage 4,1,-0.9062650630829681,0.6039580099856855
55,35.0,80.0,1.005,3.0,0.0,1.0,0.0,0.0,0.0,121.0,42.0,1.3,138.0,4.4,9.5,28.0,8000.0,4.8,0.0,0.0,0.0,1.0,1.0,0.0,1,73.47034298312357,Stage 2,1,-0.03740823084734147,-1.1471870006497475
56,76.0,70.0,1.015,3.0,4.0,0.0,1.0,1.0,0.0,121.0,164.0,9.7,131.0,4.4,10.2,30.0,11300.0,3.4,1.0,1.0,1.0,0.0,1.0,0.0,1,5.104776093108507,Stage 5,1,-2.139045375223214,1.0509796177987942
57,76.0,90.0,1.02,0.0,0.0,0.0,0.0,0.0,0.0,93.0,155.0,7.3,132.0,4.9,12.649999999999999,40.0,8000.0,4.8,1.0,1.0,1.0,0.0,0.0,0.0,1,7.1798495957168225,Stage 5,1,-1.9367270526460891,0.7113977788073166
58,73.0,80.0,1.02,2.0,0.0,1.0,1.0,0.0,0.0,253.0,142.0,4.6,138.0,5.8,10.5,33.0,7200.0,4.3,1.0,1.0,1.0,1.0,0.0,0.0,1,12.731993363854597,Stage 5,1,-1.7662826670991238,0.8008395958362226
59,59.0,100.0,1.02,0.0,0.0,0.0,0.0,0.0,0.0,121.0,96.0,6.4,138.0,4.4,6.6,40.0,8000.0,4.8,1.0,1.0,0.0,1.0,0.0,1.0,1,9.345530067586532,Stage 5,1,-2.823018373166524,-0.9852584258284925
60,67.0,90.0,1.02,1.0,0.0,0.0,1.0,1.0,0.0,141.0,66.0,3.2,138.0,6.6,12.649999999999999,40.0,8000.0,4.8,1.0,0.0,0.0,1.0,0.0,0.0,1,20.428283353180944,Stage 4,1,-1.2566556991175168,0.4247644299771435
61,67.0,80.0,1.01,1.0,3.0,0.0,1.0,0.0,0.0,182.0,391.0,32.0,163.0,39.0,12.649999999999999,40.0,8000.0,4.8,0.0,0.0,0.0,1.0,1.0,0.0,1,1.2889375416811988,Stage 5,2,-3.4063386891689653,-0.4529889116714653
62,15.0,60.0,1.02,3.0,0.0,0.0,0.0,0.0,0.0,86.0,15.0,0.6,138.0,4.0,11.0,33.0,7700.0,3.8,1.0,1.0,0.0,1.0,0.0,0.0,1,146.20182396244508,Stage 1,0,2.2028889913133365,-1.48262085159454
63,46.0,70.0,1.015,1.0,0.0,1.0,0.0,0.0,0.0,150.0,111.0,6.1,131.0,3.7,7.5,27.0,8000.0,4.8,0.0,0.0,0.0,1.0,0.0,1.0,1,10.733397283521581,Stage 5,1,-1.652264315028276,-0.4838819579729118
64,55.0,80.0,1.01,0.0,0.0,0.0,0.0,0.0,0.0,146.0,42.0,1.3,138.0,4.4,9.8,40.0,8000.0,4.8,0.0,0.0,0.0,1.0,0.0,0.0,1,64.87717271306826,Stage 2,1,-0.5321735489246108,-0.14670536860572236
65,44.0,90.0,1.01,1.0,0.0,0.0,0.0,0.0,0.0,121.0,20.0,1.1,138.0,4.4,15.0,48.0,8000.0,4.8,0.0,0.0,0.0,1.0,0.0,0.0,1,84.8914202627068,Stage 2,0,0.7350861864736472,-0.556571365219087
66,67.0,70.0,1.02,2.0,0.0,1.0,0.0,0.0,0.0,150.0,55.0,1.6,131.0,4.8,12.649999999999999,40.0,8000.0,4.8,1.0,1.0,0.0,1.0,1.0,0.0,1,46.931870966424526,Stage 3,1,-0.30955155611106616,1.0833616651324174
67,45.0,80.0,1.02,3.0,0.0,0.0,1.0,0.0,0.0,425.0,42.0,1.3,138.0,4.4,12.649999999999999,40.0,8000.0,4.8,0.0,0.0,0.0,0.0,0.0,0.0,1,69.0401921420014,Stage 2,0,0.26839574256385695,-0.3540720281616938
68,65.0,70.0,1.01,2.0,0.0,0.0,0.0,1.0,0.0,112.0,73.0,3.3,138.0,4.4,10.9,37.0,8000.0,4.8,0.0,0.0,0.0,1.0,0.0,0.0,1,19.93412303691661,Stage 4,1,-1.095939305930937,0.8353940841176705
69,26.0,70.0,1.015,0.0,4.0,0.0,0.0,0.0,0.0,250.0,20.0,1.1,138.0,4.4,15.6,52.0,6900.0,6.0,0.0,1.0,0.0,1.0,0.0,0.0,1,94.94715065274438,Stage 1,0,1.8300250496937969,-0.7020118707264791
70,61.0,80.0,1.015,0.0,4.0,0.0,0.0,0.0,0.0,360.0,19.0,0.7,137.0,4.4,15.2,44.0,8300.0,5.2,1.0,1.0,0.0,1.0,0.0,0.0,1,104.83070611929934,Stage 1,0,0.9461443973064146,0.5520335726989927
71,46.0,60.0,1.01,1.0,0.0,0.0,0.0,0.0,0.0,163.0,92.0,3.3,141.0,4.0,9.8,28.0,14600.0,3.2,1.0,1.0,0.0,1.0,0.0,0.0,1,22.434494001709332,Stage 4,1,-0.6286943286924951,0.1639699044624698
72,64.0,90.0,1.01,3.0,3.0,0.0,1.0,1.0,0.0,121.0,35.0,1.3,138.0,4.4,10.3,40.0,8000.0,4.8,1.0,1.0,0.0,1.0,1.0,0.0,1,61.34551929480377,Stage 2,1,-0.9105036013316602,-0.0011329040667843132
73,55.0,100.0,1.015,2.0,0.0,1.0,1.0,0.0,0.0,129.0,107.0,6.7,132.0,4.4,4.8,14.0,6300.0,4.8,1.0,0.0,0.0,1.0,1.0,1.0,1,9.068473223432408,Stage 5,1,-3.096130580858131,-1.3614780228180672
74,56.0,90.0,1.015,2.0,0.0,1.0,1.0,0.0,0.0,129.0,107.0,6.7,131.0,4.8,9.1,29.0,6400.0,3.4,1.0,0.0,0.0,1.0,0.0,0.0,1,9.012248689447128,Stage 5,1,-2.0948176199727193,-0.5559917443101156
75,5.0,80.0,1.015,1.0,0.0,0.0,0.0,0.0,0.0,121.0,16.0,0.7,138.0,3.2,8.1,40.0,8000.0,4.8,0.0,0.0,0.0,1.0,0.0,1.0,1,148.5063199424987,Stage 1,0,1.4501140552675909,-2.9266848672548753
76,48.0,80.0,1.005,4.0,0.0,1.0,1.0,0.0,1.0,133.0,139.0,8.5,132.0,5.5,10.3,36.0,6200.0,4.0,0.0,1.0,0.0,1.0,1.0,0.0,1,7.119152244479867,Stage 5,1,-1.6316867083888495,-0.5503373498839624
77,67.0,70.0,1.01,1.0,0.0,0.0,0.0,0.0,0.0,102.0,48.0,3.2,137.0,5.0,11.9,34.0,7100.0,3.7,1.0,1.0,0.0,1.0,1.0,0.0,1,20.428283353180944,Stage 4,1,-0.9395195845239743,1.0298064455583218
78,70.0,80.0,1.02,0.0,0.0,0.0,0.0,0.0,0.0,158.0,85.0,3.2,141.0,3.5,10.1,30.0,8000.0,4.8,1.0,0.0,0.0,1.0,1.0,0.0,1,20.050668203816155,Stage 4,1,-1.5701911804130377,0.6578473638852257
79,56.0,80.0,1.01,1.0,0.0,0.0,0.0,0.0,0.0,165.0,55.0,1.8,138.0,4.4,13.5,40.0,11800.0,5.0,1.0,1.0,0.0,0.0,1.0,0.0,1,43.63107611294782,Stage 3,1,-0.20552632033770105,0.311550567979132
80,74.0,80.0,1.01,0.0,0.0,0.0,0.0,0.0,0.0,132.0,98.0,2.8,133.0,5.0,10.8,31.0,9400.0,3.8,1.0,1.0,0.0,1.0,0.0,0.0,1,22.957001172441565,Stage 4,1,-1.4561735326276877,0.9222932197509643
81,45.0,90.0,1.02,0.0,0.0,0.0,0.0,0.0,0.0,360.0,45.0,2.4,128.0,4.4,8.3,29.0,5500.0,3.7,1.0,1.0,0.0,1.0,0.0,0.0,1,33.08114432994833,Stage 3,1,-1.352493830745047,-1.0429450881026692
82,38.0,70.0,1.02,0.0,0.0,0.0,0.0,0.0,0.0,104.0,77.0,1.9,140.0,3.9,12.649999999999999,40.0,8000.0,4.8,1.0,0.0,0.0,0.0,1.0,0.0,1,45.73374291615419,Stage 3,0,0.2735944932639132,-0.29150577761649005
83,48.0,70.0,1.015,1.0,0.0,0.0,0.0,0.0,0.0,127.0,19.0,1.0,134.0,3.6,12.649999999999999,40.0,8000.0,4.8,1.0,1.0,0.0,1.0,0.0,0.0,1,92.83911489900422,Stage 1,0,0.7898946219449595,0.05810208408077903
84,59.0,70.0,1.01,3.0,0.0,0.0,1.0,0.0,0.0,76.0,186.0,15.0,135.0,7.6,7.1,22.0,3800.0,2.1,1.0,0.0,0.0,0.0,1.0,1.0,1,3.3628724630310916,Stage 5,1,-2.7604135051914516,-0.28174481456931333
85,70.0,70.0,1.015,2.0,0.0,0.0,0.0,0.0,0.0,121.0,46.0,1.5,138.0,4.4,9.9,40.0,8000.0,4.8,0.0,1.0,0.0,0.0,1.0,0.0,1,49.773629820505356,Stage 3,1,-0.8352823684778883,0.9513012666505438
86,56.0,80.0,1.02,0.0,0.0,0.0,0.0,0.0,0.0,415.0,37.0,1.9,138.0,4.4,12.649999999999999,40.0,8000.0,4.8,0.0,1.0,0.0,1.0,0.0,0.0,1,40.890141129997325,Stage 3,1,-0.4088047203005066,0.2336360254214739
87,70.0,100.0,1.005,1.0,0.0,0.0,1.0,1.0,0.0,169.0,47.0,2.9,138.0,4.4,11.1,32.0,5800.0,5.0,1.0,1.0,0.0,0.0,0.0,0.0,1,22.564786404507622,Stage 4,1,-1.7836297925246039,0.08191907145057017
88,58.0,110.0,1.01,4.0,0.0,0.0,0.0,0.0,0.0,251.0,52.0,2.2,138.0,4.4,12.649999999999999,40.0,13200.0,4.7,1.0,1.0,0.0,1.0,0.0,0.0,1,33.869883160145804,Stage 3,1,-1.2566073472797337,-0.6787120369760599
89,50.0,70.0,1.02,0.0,0.0,0.0,0.0,0.0,0.0,109.0,32.0,1.4,139.0,4.7,12.649999999999999,40.0,8000.0,4.8,0.0,0.0,0.0,0.0,0.0,0.0,1,61.23156130412533,Stage 2,0,0.2715620624336834,0.24274882948492404
90,63.0,100.0,1.01,2.0,2.0,0.0,0.0,0.0,1.0,280.0,35.0,3.2,143.0,3.5,13.0,40.0,9800.0,4.2,1.0,0.0,1.0,1.0,0.0,0.0,1,20.94285585217097,Stage 4,1,-1.3267911037524076,-0.07031664266725743
91,56.0,70.0,1.015,4.0,1.0,1.0,0.0,0.0,0.0,210.0,26.0,1.7,136.0,3.8,16.1,52.0,12500.0,5.6,0.0,0.0,0.0,1.0,0.0,0.0,1,46.728756589449176,Stage 3,0,0.5545318832315983,0.8978924477685926
92,71.0,70.0,1.01,3.0,0.0,0.0,1.0,1.0,1.0,219.0,82.0,3.6,133.0,4.4,10.4,33.0,5600.0,3.6,1.0,1.0,1.0,1.0,0.0,0.0,1,17.299948722280245,Stage 4,1,-1.3762794953660773,1.0648643305855579
93,73.0,100.0,1.01,3.0,2.0,1.0,1.0,1.0,0.0,295.0,90.0,5.6,140.0,2.9,9.2,30.0,7000.0,3.2,1.0,1.0,1.0,0.0,0.0,0.0,1,10.054955877570327,Stage 5,1,-2.5736824167658363,-0.039377239004917186
94,65.0,70.0,1.01,0.0,0.0,0.0,0.0,0.0,0.0,93.0,66.0,1.6,137.0,4.5,11.6,36.0,11900.0,3.9,0.0,1.0,0.0,1.0,0.0,0.0,1,47.51928343982289,Stage 3,1,-0.4526376503460261,0.8848233161671056
95,62.0,90.0,1.015,1.0,0.0,0.0,0.0,0.0,0.0,94.0,25.0,1.1,131.0,3.7,12.649999999999999,40.0,8000.0,4.8,1.0,0.0,0.0,1.0,1.0,1.0,1,75.9006793218729,Stage 2,1,-0.21270742522627295,0.09279063759589186
96,60.0,80.0,1.01,1.0,1.0,0.0,0.0,0.0,0.0,172.0,32.0,2.7,138.0,4.4,11.2,36.0,8000.0,4.8,0.0,1.0,1.0,0.0,0.0,0.0,1,26.16268927570836,Stage 4,1,-1.0293142512413949,0.2954914350366031
97,65.0,60.0,1.015,1.0,0.0,0.0,0.0,0.0,0.0,91.0,51.0,2.2,132.0,3.8,10.0,32.0,9100.0,4.0,1.0,1.0,0.0,0.0,1.0,0.0,1,32.426990575676705,Stage 3,1,-0.777668867310237,1.0929258102608659
98,50.0,140.0,1.02,0.0,0.0,0.0,0.0,0.0,0.0,101.0,106.0,6.5,135.0,4.3,6.2,18.0,5800.0,2.3,1.0,1.0,0.0,0.0,0.0,1.0,1,9.701367314509822,Stage 5,1,-3.6180928928186664,-2.810022492091629
99,56.0,180.0,1.02,0.0,4.0,0.0,1.0,0.0,0.0,298.0,24.0,1.2,139.0,3.9,11.2,32.0,10400.0,4.2,1.0,1.0,0.0,0.0,1.0,0.0,1,70.97500558720519,Stage 2,1,-2.480716019541922,-3.370321494156565
100,34.0,70.0,1.015,4.0,0.0,1.0,1.0,0.0,0.0,153.0,22.0,0.9,133.0,3.8,12.649999999999999,40.0,8000.0,4.8,0.0,0.0,0.0,1.0,1.0,0.0,1,114.93547270008962,Stage 1,0,1.4094005738566426,-0.6724020478080724
101,71.0,90.0,1.015,2.0,0.0,0.0,1.0,1.0,1.0,88.0,80.0,4.4,139.0,5.7,11.3,33.0,10700.0,3.9,0.0,0.0,0.0,1.0,0.0,0.0,1,13.59767337738525,Stage 5,1,-1.7764632538546534,0.45150397710042756
102,17.0,60.0,1.01,0.0,0.0,0.0,0.0,0.0,0.0,92.0,32.0,2.1,141.0,4.2,13.9,52.0,7000.0,4.8,0.0,0.0,0.0,1.0,0.0,0.0,1,46.21671495878051,Stage 3,0,1.1754308867927332,-0.8300450608178801
103,76.0,70.0,1.015,2.0,0.0,0.0,1.0,1.0,0.0,226.0,217.0,10.2,138.0,4.4,10.2,36.0,12700.0,4.2,1.0,0.0,0.0,0.0,1.0,1.0,1,4.805986789725789,Stage 5,1,-2.179851010293168,1.029739429429398
104,55.0,90.0,1.02,0.0,0.0,0.0,0.0,0.0,0.0,143.0,88.0,2.0,138.0,4.4,12.649999999999999,40.0,8000.0,4.8,1.0,1.0,0.0,0.0,1.0,0.0,1,38.6890390940189,Stage 3,1,-0.6536959527366052,-0.14943965091746236
105,65.0,80.0,1.015,0.0,0.0,0.0,0.0,0.0,0.0,115.0,32.0,11.5,139.0,4.0,14.1,42.0,6800.0,5.2,0.0,0.0,0.0,1.0,0.0,0.0,1,4.456320869571787,Stage 5,1,-1.5503387036191807,0.49612866790508037
106,50.0,90.0,1.02,0.0,0.0,0.0,0.0,0.0,0.0,89.0,118.0,6.1,127.0,4.4,6.0,17.0,6500.0,4.8,1.0,1.0,0.0,1.0,1.0,1.0,1,10.469674365223316,Stage 5,1,-2.4752217594553683,-1.118972497054472
107,55.0,100.0,1.015,1.0,4.0,0.0,0.0,0.0,0.0,297.0,53.0,2.8,139.0,4.5,11.2,34.0,13600.0,4.4,1.0,1.0,0.0,1.0,0.0,0.0,1,25.836536884345346,Stage 4,1,-1.3898965246076318,-0.6214408066029239
108,45.0,80.0,1.015,0.0,0.0,0.0,1.0,0.0,0.0,107.0,15.0,1.0,141.0,4.2,11.8,37.0,10200.0,4.2,0.0,0.0,0.0,1.0,0.0,0.0,1,94.58755818693466,Stage 1,0,0.4936987757719789,-0.51108235687663
109,54.0,70.0,1.02,0.0,0.0,0.0,0.0,0.0,0.0,233.0,50.1,1.9,138.0,4.4,11.7,40.0,8000.0,4.8,0.0,1.0,0.0,1.0,0.0,0.0,1,41.40193361651387,Stage 3,1,-0.30650378894892355,0.3841770298372983
110,63.0,90.0,1.015,0.0,0.0,0.0,0.0,0.0,0.0,123.0,19.0,2.0,142.0,3.8,11.7,34.0,11400.0,4.7,0.0,0.0,0.0,1.0,0.0,0.0,1,36.81119216534823,Stage 3,1,-1.0275653407925156,0.141115662650226
111,65.0,80.0,1.01,3.0,3.0,0.0,0.0,0.0,0.0,294.0,71.0,4.4,128.0,5.4,10.0,32.0,9000.0,3.9,1.0,1.0,1.0,1.0,0.0,0.0,1,14.114667455826732,Stage 5,1,-1.65305263195,0.379551395203826
112,55.0,60.0,1.015,3.0,0.0,1.0,1.0,0.0,0.0,121.0,34.0,1.2,138.0,4.4,10.8,33.0,8000.0,4.8,0.0,0.0,0.0,1.0,0.0,0.0,1,71.4177959219211,Stage 2,0,0.20839807980003947,0.6109596387552965
113,61.0,90.0,1.015,0.0,2.0,0.0,0.0,0.0,0.0,121.0,42.0,1.3,138.0,4.4,12.649999999999999,40.0,9800.0,4.8,0.0,1.0,0.0,0.0,0.0,1.0,1,62.50084225939999,Stage 2,1,-0.39504292036850586,0.08269862366689937
114,12.0,60.0,1.015,3.0,0.0,1.0,1.0,1.0,0.0,121.0,51.0,1.8,138.0,4.4,12.1,40.0,10300.0,4.8,0.0,0.0,0.0,1.0,0.0,0.0,1,57.36410981174405,Stage 3,0,1.1289378267818426,-1.2657748492334255
115,47.0,80.0,1.01,0.0,0.0,0.0,1.0,0.0,0.0,121.0,28.0,0.9,138.0,4.4,12.4,44.0,5600.0,4.3,0.0,0.0,0.0,1.0,0.0,1.0,1,106.00857280356708,Stage 1,0,0.7303498133196302,-0.39309082682290886
116,55.0,70.0,1.015,4.0,0.0,1.0,0.0,0.0,0.0,104.0,16.0,0.5,138.0,4.4,12.649999999999999,40.0,8000.0,4.8,0.0,0.0,0.0,1.0,1.0,0.0,1,120.45510858258702,Stage 1,0,1.0661628523472113,0.31539302948795145
117,55.0,70.0,1.02,0.0,0.0,0.0,0.0,0.0,0.0,219.0,36.0,1.3,139.0,3.7,12.5,37.0,9800.0,4.4,0.0,0.0,0.0,1.0,0.0,0.0,1,64.87717271306826,Stage 2,0,0.1953433234384118,0.455542656798905
118,55.0,70.0,1.01,3.0,0.0,0.0,0.0,0.0,0.0,99.0,25.0,1.2,138.0,4.4,11.4,40.0,8000.0,4.8,0.0,0.0,0.0,0.0,1.0,0.0,1,71.4177959219211,Stage 2,1,0.09146042360567701,0.33036987615597846
119,60.0,70.0,1.01,0.0,0.0,0.0,0.0,0.0,0.0,140.0,27.0,1.2,138.0,4.4,12.649999999999999,40.0,8000.0,4.8,0.0,0.0,0.0,1.0,0.0,0.0,1,69.23112756748166,Stage 2,0,0.18463059621619687,0.6951515834889658
120,72.0,90.0,1.025,1.0,3.0,0.0,0.0,0.0,0.0,323.0,40.0,2.2,137.0,5.3,12.6,40.0,8000.0,4.8,0.0,1.0,1.0,0.0,0.0,0.0,1,31.045566730278004,Stage 3,1,-1.150103156355588,0.6634974746036693
121,54.0,60.0,1.02,3.0,0.0,0.0,0.0,0.0,0.0,125.0,21.0,1.3,137.0,3.4,15.0,46.0,8000.0,4.8,1.0,1.0,0.0,1.0,1.0,0.0,1,65.28192062091796,Stage 2,0,0.9130173885192847,0.989819579309787
122,34.0,70.0,1.02,0.0,0.0,0.0,0.0,0.0,0.0,121.0,219.0,12.2,130.0,3.8,6.0,40.0,8000.0,4.8,1.0,0.0,0.0,1.0,0.0,1.0,1,5.034001038708216,Stage 5,1,-2.199241203806957,-1.4472651220136579
123,43.0,80.0,1.015,2.0,3.0,0.0,1.0,1.0,1.0,121.0,30.0,1.1,138.0,4.4,14.0,42.0,14900.0,4.8,0.0,0.0,0.0,1.0,0.0,0.0,1,85.42103065275387,Stage 2,0,0.8069387639831666,-0.36387488510356447
124,65.0,100.0,1.015,0.0,0.0,0.0,0.0,0.0,0.0,90.0,98.0,2.5,138.0,4.4,9.1,28.0,5500.0,3.6,1.0,0.0,0.0,1.0,0.0,0.0,1,27.815434727676866,Stage 4,1,-1.9430471484810796,-0.34865201707522514
125,72.0,90.0,1.02,0.0,0.0,0.0,0.0,0.0,0.0,308.0,36.0,2.5,131.0,4.3,12.649999999999999,40.0,8000.0,4.8,1.0,1.0,0.0,0.0,0.0,0.0,1,26.630468003328225,Stage 4,1,-1.2251272535913098,0.6701375704766235
126,70.0,90.0,1.015,0.0,0.0,0.0,0.0,0.0,0.0,144.0,125.0,4.0,136.0,4.6,12.0,37.0,8200.0,4.5,1.0,1.0,0.0,0.0,1.0,0.0,1,15.340405327344152,Stage 4,1,-1.5716273909650806,0.48448534122014053
127,71.0,60.0,1.015,4.0,0.0,0.0,0.0,0.0,0.0,118.0,125.0,5.3,136.0,4.9,11.4,35.0,15200.0,4.3,1.0,1.0,0.0,0.0,1.0,0.0,1,10.876189685444153,Stage 5,1,-1.1783788941909117,1.4477186468834313
128,52.0,90.0,1.015,4.0,3.0,0.0,1.0,0.0,0.0,224.0,166.0,5.6,133.0,47.0,8.1,23.0,5000.0,2.9,1.0,1.0,0.0,1.0,0.0,1.0,1,11.457802410928334,Stage 5,1,-2.0790325036418915,-0.8012218951673455
129,75.0,70.0,1.025,1.0,0.0,0.0,0.0,0.0,0.0,158.0,49.0,1.4,135.0,4.7,11.1,40.0,8000.0,4.8,1.0,0.0,0.0,0.0,1.0,0.0,1,52.41434266331489,Stage 3,1,-0.6759036138425939,1.2991250301529205
130,50.0,90.0,1.01,2.0,0.0,0.0,1.0,1.0,1.0,128.0,208.0,9.2,134.0,4.8,8.2,22.0,16300.0,2.7,0.0,0.0,0.0,0.0,1.0,1.0,1,6.394161237052504,Stage 5,1,-2.3525435083750565,-1.0286074606988211
131,5.0,50.0,1.01,0.0,0.0,0.0,0.0,0.0,0.0,121.0,25.0,0.6,138.0,4.4,11.8,36.0,12400.0,4.8,0.0,0.0,0.0,1.0,0.0,0.0,1,155.583259808809,Stage 1,0,2.9257730767781513,-1.5686090859355943
132,50.0,80.0,1.02,0.0,0.0,0.0,0.0,0.0,0.0,219.0,176.0,13.8,136.0,4.5,8.6,24.0,13200.0,2.7,1.0,0.0,0.0,1.0,1.0,1.0,1,3.930737775983936,Stage 5,1,-2.4219645120817237,-0.8469330511116964
133,70.0,100.0,1.015,4.0,0.0,0.0,0.0,0.0,0.0,118.0,125.0,5.3,136.0,4.9,12.0,37.0,8400.0,8.0,1.0,0.0,0.0,1.0,0.0,0.0,1,10.944042750497237,Stage 5,1,-1.9567662628475333,0.10258706753882323
134,47.0,100.0,1.01,0.0,0.0,0.0,0.0,0.0,0.0,122.0,42.0,16.9,138.0,5.2,10.8,33.0,10200.0,3.8,0.0,1.0,0.0,1.0,0.0,0.0,1,3.1402769643676707,Stage 5,1,-2.6444733487072507,-1.5872381052185223
135,48.0,80.0,1.015,0.0,2.0,0.0,0.0,0.0,0.0,214.0,24.0,1.3,140.0,4.0,13.2,39.0,8000.0,4.8,0.0,1.0,0.0,0.0,0.0,0.0,1,67.76398982890707,Stage 2,0,0.2877983712154284,-0.15482007896785863
136,46.0,90.0,1.02,0.0,0.0,0.0,0.0,0.0,0.0,213.0,68.0,2.8,146.0,6.3,9.3,40.0,8000.0,4.8,1.0,1.0,0.0,1.0,0.0,0.0,1,27.323942889749294,Stage 4,1,-1.2994561971262732,-0.8964714064719612
137,45.0,60.0,1.01,2.0,0.0,0.0,1.0,1.0,0.0,268.0,86.0,4.0,134.0,5.1,10.0,29.0,9200.0,4.8,1.0,1.0,0.0,1.0,0.0,0.0,1,17.92099111621289,Stage 4,1,-0.6851756044635323,0.12066681086492363
138,73.0,80.0,1.01,1.0,0.0,0.0,0.0,0.0,0.0,95.0,51.0,1.6,142.0,3.5,12.649999999999999,40.0,8000.0,4.8,0.0,0.0,0.0,1.0,0.0,0.0,1,45.21284361733846,Stage 3,1,-0.6904610047226711,1.0327181721875964
139,41.0,70.0,1.015,2.0,0.0,0.0,1.0,0.0,1.0,121.0,68.0,2.8,132.0,4.1,11.1,33.0,8000.0,4.8,1.0,0.0,0.0,1.0,1.0,1.0,1,28.186970885029112,Stage 4,1,-0.39108323406413636,-0.28128236126006234
140,69.0,70.0,1.01,0.0,4.0,0.0,0.0,0.0,0.0,256.0,40.0,1.2,142.0,5.6,12.649999999999999,40.0,8000.0,4.8,0.0,0.0,0.0,1.0,0.0,0.0,1,65.46246228662315,Stage 2,1,-0.06160500349120046,1.1318729584815854
141,67.0,70.0,1.01,1.0,0.0,0.0,0.0,0.0,0.0,121.0,106.0,6.0,137.0,4.9,6.1,19.0,6500.0,4.8,1.0,0.0,0.0,1.0,0.0,1.0,1,9.607941424315674,Stage 5,1,-2.3702890003905184,0.37685777557863254
142,72.0,90.0,1.02,0.0,0.0,0.0,0.0,0.0,0.0,84.0,145.0,7.1,135.0,5.3,12.649999999999999,40.0,8000.0,4.8,0.0,1.0,0.0,1.0,0.0,0.0,1,7.61021262240956,Stage 5,1,-1.830222282989653,0.5304684924793054
143,41.0,80.0,1.015,1.0,4.0,1.0,0.0,0.0,0.0,210.0,165.0,18.0,135.0,4.7,12.649999999999999,40.0,8000.0,4.8,0.0,1.0,0.0,1.0,0.0,0.0,1,3.022115361356376,Stage 5,1,-1.7997443506045847,-1.0598845701065296
144,60.0,90.0,1.01,2.0,0.0,1.0,0.0,0.0,0.0,105.0,53.0,2.3,136.0,5.2,11.1,33.0,10500.0,4.1,0.0,0.0,0.0,1.0,0.0,0.0,1,31.713596558857052,Stage 3,1,-1.1681430065801197,-0.0545335260734955
145,57.0,90.0,1.015,5.0,0.0,1.0,1.0,0.0,1.0,121.0,322.0,13.0,126.0,4.8,8.0,24.0,4200.0,3.3,1.0,1.0,1.0,0.0,1.0,1.0,1,4.042871150859425,Stage 5,1,-2.850948002050075,-0.8796207246766468
146,53.0,100.0,1.01,1.0,3.0,1.0,0.0,0.0,0.0,213.0,23.0,1.0,139.0,4.0,12.649999999999999,40.0,8000.0,4.8,0.0,1.0,0.0,1.0,0.0,0.0,1,89.99656911635697,Stage 2,1,-0.04132960125345124,-0.7139288800991864
147,60.0,60.0,1.01,3.0,1.0,0.0,1.0,1.0,0.0,288.0,36.0,1.7,130.0,3.0,7.9,25.0,15200.0,3.0,1.0,0.0,0.0,0.0,0.0,1.0,1,45.580616468414206,Stage 3,1,-0.8367144428747582,0.6299871462692834
148,69.0,60.0,1.02,0.0,0.0,0.0,0.0,0.0,0.0,171.0,26.0,48.1,138.0,4.4,12.649999999999999,40.0,8000.0,4.8,1.0,0.0,0.0,0.0,0.0,0.0,1,0.7806129294605632,Stage 5,2,-4.17864074115143,-0.3958137629697297
149,65.0,70.0,1.02,1.0,0.0,1.0,1.0,0.0,0.0,139.0,29.0,1.0,138.0,4.4,10.5,32.0,8000.0,4.8,1.0,0.0,0.0,1.0,1.0,0.0,1,83.5244957330708,Stage 2,1,-0.10401731105015921,0.6809779073010129
150,8.0,60.0,1.025,3.0,0.0,0.0,0.0,0.0,0.0,78.0,27.0,0.9,138.0,4.4,12.3,41.0,6700.0,4.8,0.0,0.0,0.0,0.0,1.0,0.0,1,135.10775687079655,Stage 1,0,2.4150068145138195,-1.6608913386805153
151,76.0,90.0,1.02,0.0,0.0,0.0,0.0,0.0,0.0,172.0,46.0,1.7,141.0,5.5,9.6,30.0,8000.0,4.8,1.0,1.0,0.0,1.0,0.0,1.0,1,41.26331100178745,Stage 3,1,-1.610150556793529,0.5467023510975445
152,39.0,70.0,1.01,0.0,0.0,0.0,0.0,0.0,0.0,121.0,20.0,0.8,133.0,3.5,10.9,32.0,8000.0,4.8,0.0,1.0,0.0,1.0,0.0,0.0,1,115.45084346071906,Stage 1,0,0.9929576825982851,-0.6048405262341048
153,55.0,90.0,1.01,2.0,1.0,1.0,1.0,0.0,0.0,273.0,235.0,14.2,132.0,3.4,8.3,22.0,14600.0,2.9,1.0,1.0,0.0,0.0,1.0,1.0,1,3.681950325393892,Stage 5,1,-2.845449329032832,-0.9967559029153502
154,56.0,90.0,1.005,4.0,3.0,1.0,1.0,0.0,0.0,242.0,132.0,16.4,140.0,4.2,8.4,26.0,8000.0,3.0,1.0,1.0,0.0,0.0,1.0,1.0,1,3.078295539183931,Stage 5,1,-3.0179038240164378,-1.0358111109718369
155,50.0,70.0,1.02,3.0,0.0,1.0,0.0,1.0,1.0,123.0,40.0,1.8,138.0,4.4,11.1,36.0,4700.0,4.8,0.0,0.0,0.0,1.0,0.0,0.0,1,45.289963435829016,Stage 3,1,-0.26952340602050473,0.12846679961531027
156,66.0,90.0,1.015,2.0,0.0,0.0,0.0,0.0,1.0,153.0,76.0,3.3,138.0,4.4,12.649999999999999,40.0,8000.0,4.8,0.0,0.0,0.0,0.0,0.0,0.0,1,19.81053147408773,Stage 4,1,-1.251244672155148,0.37533777928937784
157,62.0,70.0,1.025,3.0,0.0,0.0,1.0,0.0,0.0,122.0,42.0,1.7,136.0,4.7,12.6,39.0,7900.0,3.9,1.0,1.0,0.0,1.0,0.0,0.0,1,45.01716894310292,Stage 3,1,-0.24590450629170027,0.8451438488864285
158,71.0,60.0,1.02,3.0,2.0,0.0,0.0,1.0,0.0,424.0,48.0,1.5,132.0,4.0,10.9,31.0,8000.0,4.8,1.0,1.0,1.0,1.0,0.0,0.0,1,49.46503331561822,Stage 3,1,-0.44811104743996505,1.4359938290013545
159,59.0,80.0,1.01,1.0,0.0,1.0,0.0,0.0,0.0,303.0,35.0,1.3,122.0,3.5,10.4,35.0,10900.0,4.3,0.0,1.0,0.0,0.0,0.0,0.0,1,63.28312034857613,Stage 2,1,-0.5294550839207937,0.1055991687491161
160,81.0,60.0,1.02,0.0,0.0,0.0,0.0,0.0,0.0,148.0,39.0,2.1,147.0,4.2,10.9,35.0,9400.0,2.4,1.0,1.0,1.0,0.0,1.0,0.0,1,31.04092019115957,Stage 3,1,-0.9665737802842345,1.9432937675482114
161,62.0,80.0,1.015,3.0,0.0,1.0,0.0,0.0,0.0,121.0,42.0,1.3,138.0,4.4,14.3,42.0,10200.0,4.8,1.0,1.0,0.0,1.0,0.0,0.0,1,62.11333703739171,Stage 2,0,0.11128014687021935,0.6310184329079156
162,59.0,70.0,1.02,0.0,0.0,0.0,0.0,0.0,0.0,204.0,34.0,1.5,124.0,4.1,9.8,37.0,6000.0,4.8,0.0,1.0,0.0,1.0,0.0,0.0,1,53.297936737729145,Stage 3,1,-0.5681011408276941,0.41148951763201064
163,46.0,80.0,1.01,0.0,0.0,0.0,0.0,0.0,0.0,160.0,40.0,2.0,140.0,4.1,9.0,27.0,8100.0,3.2,1.0,0.0,0.0,0.0,0.0,1.0,1,40.91636194883307,Stage 3,1,-0.8766031407454438,-0.5975813236609918
164,14.0,80.0,1.015,0.0,0.0,0.0,0.0,0.0,0.0,192.0,15.0,0.8,137.0,4.2,14.3,40.0,9500.0,5.4,0.0,1.0,0.0,0.0,1.0,0.0,1,134.87215597431876,Stage 1,0,2.2044506162448956,-1.8562925142206188
165,60.0,80.0,1.02,0.0,2.0,0.0,0.0,0.0,0.0,121.0,42.0,1.3,138.0,4.4,12.649999999999999,40.0,8000.0,4.8,0.0,1.0,0.0,1.0,0.0,0.0,1,62.890765002414966,Stage 2,1,-0.14013813609390283,0.37334583038401076
166,27.0,60.0,1.02,0.0,0.0,0.0,0.0,0.0,0.0,76.0,44.0,3.9,127.0,4.3,12.649999999999999,40.0,8000.0,4.8,0.0,0.0,0.0,0.0,1.0,1.0,1,20.66210776596158,Stage 4,0,0.23722457384593282,-0.4735915438989312
167,34.0,70.0,1.02,0.0,0.0,1.0,0.0,0.0,0.0,139.0,19.0,0.9,138.0,4.4,12.7,42.0,2200.0,4.8,0.0,0.0,0.0,0.0,0.0,0.0,1,114.93547270008962,Stage 1,0,1.4186517741016225,-0.6675284377655676
168,65.0,70.0,1.015,4.0,4.0,0.0,0.0,1.0,0.0,307.0,28.0,1.5,138.0,4.4,11.0,39.0,6700.0,4.8,1.0,1.0,0.0,1.0,0.0,0.0,1,51.34573221199094,Stage 3,1,-0.5023211988810103,0.8176845401633684
169,55.0,70.0,1.01,0.0,2.0,0.0,0.0,0.0,0.0,220.0,68.0,2.8,138.0,4.4,8.7,27.0,8000.0,4.8,1.0,1.0,0.0,1.0,0.0,1.0,1,25.836536884345346,Stage 4,1,-1.1686003594542602,0.15209794059996437
170,66.0,70.0,1.015,2.0,5.0,0.0,0.0,0.0,0.0,447.0,41.0,1.7,131.0,3.9,12.5,33.0,9600.0,4.4,1.0,1.0,0.0,1.0,0.0,0.0,1,43.91108306427053,Stage 3,1,-0.3658148240044543,1.0275462266146267
171,83.0,70.0,1.02,3.0,0.0,0.0,0.0,0.0,0.0,102.0,60.0,2.6,115.0,5.7,8.7,26.0,12800.0,3.1,1.0,0.0,0.0,0.0,0.0,1.0,1,23.726173840681476,Stage 4,1,-1.7843172269118974,1.4867563552083827
172,62.0,80.0,1.01,1.0,2.0,0.0,0.0,0.0,0.0,309.0,113.0,2.9,130.0,2.5,10.6,34.0,12800.0,4.9,0.0,0.0,0.0,1.0,0.0,0.0,1,23.715882371611393,Stage 4,1,-1.2323997397973658,0.33066485208316637
173,17.0,70.0,1.015,1.0,0.0,1.0,0.0,0.0,0.0,22.0,1.5,7.3,145.0,2.8,13.1,41.0,11200.0,4.8,0.0,0.0,0.0,1.0,0.0,0.0,1,10.362744596524873,Stage 5,0,-0.08716178098094401,-1.3558144882007304
174,54.0,70.0,1.02,0.0,0.0,0.0,0.0,0.0,0.0,111.0,146.0,7.5,141.0,4.7,11.0,35.0,8600.0,4.6,0.0,0.0,0.0,1.0,0.0,0.0,1,7.969873528321391,Stage 5,1,-1.3177252746187522,0.1811202092214211
175,60.0,50.0,1.01,0.0,0.0,0.0,0.0,0.0,0.0,261.0,58.0,2.2,113.0,3.0,12.649999999999999,40.0,4200.0,3.4,1.0,0.0,0.0,1.0,0.0,0.0,1,33.451198567268676,Stage 3,1,0.06229761988954533,1.4513409913352608
176,21.0,90.0,1.01,4.0,0.0,0.0,1.0,1.0,1.0,107.0,40.0,1.7,125.0,3.5,8.3,23.0,12400.0,3.9,0.0,0.0,0.0,1.0,0.0,1.0,1,58.092422951932356,Stage 3,1,-0.43344927494157187,-2.2276195650501447
177,65.0,80.0,1.015,2.0,1.0,0.0,0.0,1.0,0.0,215.0,133.0,2.5,138.0,4.4,13.2,41.0,8000.0,4.8,0.0,1.0,0.0,1.0,0.0,0.0,1,27.815434727676866,Stage 4,1,-0.7285446101245062,0.7291301726289079
178,42.0,90.0,1.02,2.0,0.0,1.0,1.0,1.0,0.0,93.0,153.0,2.7,139.0,4.3,9.8,34.0,9800.0,4.8,0.0,0.0,0.0,0.0,1.0,1.0,1,29.261765116596667,Stage 4,1,-1.0864780827779643,-1.0382814206163622
179,72.0,90.0,1.01,2.0,0.0,0.0,1.0,1.0,0.0,124.0,53.0,2.3,138.0,4.4,11.9,39.0,8000.0,4.8,0.0,0.0,0.0,1.0,0.0,0.0,1,29.432923793304376,Stage 4,1,-1.309701249115781,0.5963385900507323
180,73.0,90.0,1.01,1.0,4.0,1.0,1.0,1.0,0.0,234.0,56.0,1.9,138.0,4.4,10.3,28.0,8000.0,4.8,0.0,1.0,0.0,1.0,0.0,0.0,1,36.78760210125351,Stage 3,1,-1.4941010099722771,0.48008938530502926
181,45.0,70.0,1.025,2.0,0.0,0.0,1.0,1.0,0.0,117.0,52.0,2.2,136.0,3.8,10.0,30.0,19100.0,3.7,0.0,0.0,0.0,1.0,0.0,0.0,1,36.72203981579472,Stage 3,1,-0.5160196774697804,-0.2026632397625789
182,61.0,80.0,1.02,0.0,0.0,0.0,0.0,0.0,0.0,131.0,23.0,0.8,140.0,4.1,11.3,35.0,8000.0,4.8,0.0,0.0,0.0,1.0,0.0,0.0,1,100.68735750547624,Stage 1,0,0.1587466397922544,0.1816330436263643
183,30.0,70.0,1.015,0.0,0.0,0.0,0.0,0.0,0.0,101.0,106.0,6.5,135.0,4.3,12.649999999999999,40.0,8000.0,4.8,0.0,0.0,0.0,0.0,0.0,0.0,1,10.986341639063577,Stage 5,1,-0.38191191136542113,-0.7540196159769601
184,54.0,60.0,1.015,3.0,2.0,0.0,1.0,0.0,0.0,352.0,137.0,3.3,133.0,4.5,11.3,31.0,5800.0,3.6,1.0,1.0,1.0,0.0,1.0,0.0,1,21.34559268381893,Stage 4,1,-0.5381183331389723,0.69062943167776
185,4.0,80.0,1.02,1.0,0.0,0.0,0.0,0.0,0.0,99.0,23.0,0.6,138.0,4.4,12.0,34.0,8000.0,4.8,0.0,0.0,0.0,1.0,0.0,0.0,1,156.5538939513071,Stage 1,0,2.31407161170785,-2.616749105294237
186,8.0,50.0,1.02,4.0,0.0,0.0,0.0,0.0,0.0,121.0,46.0,1.0,135.0,3.8,12.649999999999999,40.0,8000.0,4.8,0.0,0.0,0.0,1.0,1.0,0.0,1,119.06148499407492,Stage 1,0,2.4738942578101284,-1.2371862760578995
187,3.0,80.0,1.01,2.0,0.0,0.0,0.0,0.0,0.0,121.0,22.0,0.7,138.0,4.4,10.7,34.0,12300.0,4.8,0.0,0.0,0.0,1.0,0.0,0.0,1,150.36506673687052,Stage 1,0,2.000311436661598,-2.773804872887314
188,8.0,80.0,1.02,0.0,0.0,0.0,0.0,0.0,0.0,80.0,66.0,2.5,142.0,3.6,12.2,38.0,8000.0,4.8,0.0,0.0,0.0,1.0,0.0,0.0,1,39.65000848393883,Stage 3,0,0.4760594748273037,-2.0930206216849476
189,64.0,60.0,1.01,4.0,1.0,1.0,1.0,0.0,1.0,239.0,58.0,4.3,137.0,5.4,9.5,29.0,7500.0,3.4,1.0,1.0,0.0,0.0,1.0,0.0,1,14.599995543605901,Stage 5,1,-1.254043472434257,0.9646615052596769
190,6.0,60.0,1.01,4.0,0.0,1.0,1.0,0.0,1.0,94.0,67.0,1.0,135.0,4.9,9.9,30.0,16700.0,4.8,0.0,0.0,0.0,0.0,0.0,0.0,1,120.55169196743184,Stage 1,0,1.801058931992839,-1.943593138342407
191,55.0,70.0,1.01,3.0,0.0,0.0,0.0,0.0,0.0,110.0,115.0,6.0,134.0,2.7,9.1,26.0,9200.0,3.4,1.0,1.0,0.0,0.0,0.0,0.0,1,10.352433221778455,Stage 5,1,-1.5473239102706835,0.10164249340286823
192,46.0,110.0,1.015,0.0,0.0,0.0,0.0,0.0,0.0,130.0,16.0,0.9,138.0,4.4,12.649999999999999,40.0,8000.0,4.8,0.0,0.0,0.0,1.0,0.0,0.0,1,106.66992634691798,Stage 1,0,0.12353381593745241,-1.4352977385079084
193,32.0,90.0,1.025,1.0,0.0,1.0,1.0,0.0,0.0,121.0,223.0,18.1,113.0,6.5,5.5,15.0,2600.0,2.8,1.0,1.0,0.0,0.0,1.0,1.0,1,3.1749202656251825,Stage 5,1,-3.162740682960035,-2.5246712181115267
194,80.0,70.0,1.01,2.0,0.0,0.0,1.0,0.0,0.0,121.0,49.0,1.2,138.0,4.4,12.649999999999999,40.0,8000.0,4.8,1.0,1.0,0.0,1.0,0.0,0.0,1,61.13378048810373,Stage 2,1,-0.3586429992084763,1.664693021656926
195,70.0,90.0,1.02,2.0,1.0,1.0,1.0,0.0,1.0,184.0,98.6,3.3,138.0,3.9,5.8,40.0,8000.0,4.8,1.0,1.0,1.0,0.0,0.0,0.0,1,19.323780538164865,Stage 4,1,-2.6113246358285402,-0.10231884458745909
196,49.0,100.0,1.01,3.0,0.0,1.0,1.0,0.0,0.0,129.0,158.0,11.8,122.0,3.2,8.1,24.0,9600.0,3.5,1.0,1.0,0.0,0.0,1.0,1.0,1,4.77278174591556,Stage 5,1,-2.7906938894743547,-1.5347350341046133
197,57.0,80.0,1.02,0.0,0.0,0.0,0.0,0.0,0.0,121.0,111.0,9.3,124.0,5.3,6.8,40.0,4300.0,3.0,1.0,1.0,0.0,1.0,0.0,1.0,1,6.042857941908054,Stage 5,1,-2.546042238911022,-0.4996138841367428
198,59.0,100.0,1.02,4.0,2.0,0.0,0.0,0.0,0.0,252.0,40.0,3.2,137.0,4.7,11.2,30.0,26400.0,3.9,1.0,1.0,0.0,0.0,1.0,0.0,1,21.470390030423957,Stage 4,1,-1.566593095756243,-0.4359342666485548
199,65.0,80.0,1.015,0.0,0.0,0.0,0.0,0.0,0.0,92.0,37.0,1.5,140.0,5.2,8.8,25.0,10700.0,3.2,1.0,0.0,1.0,1.0,1.0,0.0,1,51.34573221199094,Stage 3,1,-1.137326068794236,0.2641726151837879
200,90.0,90.0,1.025,1.0,0.0,0.0,0.0,0.0,0.0,139.0,89.0,3.0,140.0,4.1,12.0,37.0,7900.0,3.9,1.0,1.0,0.0,1.0,0.0,0.0,1,19.131242069066143,Stage 4,1,-1.8739141753761224,1.4578291093574287
201,64.0,70.0,1.02,0.0,0.0,0.0,0.0,0.0,0.0,113.0,94.0,7.3,137.0,4.3,7.9,21.0,8000.0,4.8,1.0,1.0,1.0,1.0,1.0,1.0,1,7.7361955282075945,Stage 5,1,-2.09444970522818,0.35956363456031165
202,78.0,60.0,1.02,0.0,0.0,0.0,0.0,0.0,0.0,114.0,74.0,2.9,135.0,5.9,8.0,24.0,8000.0,4.8,0.0,1.0,0.0,1.0,0.0,1.0,1,21.469561094237122,Stage 4,1,-1.6324452509691763,1.5165204711930749
203,55.0,90.0,1.02,0.0,0.0,0.0,0.0,0.0,0.0,207.0,80.0,6.8,142.0,5.5,8.5,40.0,8000.0,4.8,1.0,1.0,0.0,1.0,0.0,1.0,1,8.908677613083626,Stage 5,1,-2.1931629400721193,-0.6656631365087083
204,65.0,90.0,1.01,4.0,2.0,0.0,0.0,0.0,0.0,172.0,82.0,13.5,145.0,6.3,8.8,31.0,8000.0,4.8,1.0,1.0,0.0,1.0,1.0,1.0,1,3.6763202813368636,Stage 5,1,-2.9162802752370767,-0.4459300286379325
205,61.0,70.0,1.02,0.0,0.0,0.0,0.0,0.0,0.0,100.0,28.0,2.1,138.0,4.4,12.6,43.0,8000.0,4.8,1.0,1.0,0.0,1.0,0.0,0.0,1,35.15238037641673,Stage 3,1,-0.3929752822476761,0.8140363770762162
206,60.0,70.0,1.01,1.0,0.0,0.0,0.0,0.0,0.0,109.0,96.0,3.9,135.0,4.0,13.8,41.0,8000.0,4.8,1.0,0.0,0.0,1.0,0.0,0.0,1,16.82834363944475,Stage 4,1,-0.5398724063131728,0.86653576906729
207,50.0,70.0,1.01,0.0,0.0,0.0,0.0,0.0,0.0,230.0,50.0,2.2,138.0,4.4,12.0,41.0,10400.0,4.6,1.0,1.0,0.0,1.0,0.0,0.0,1,35.597685285679404,Stage 3,1,-0.2690861278529085,0.2315834666300909
208,67.0,80.0,1.02,0.0,0.0,0.0,0.0,0.0,0.0,341.0,37.0,1.5,138.0,4.4,12.3,41.0,6900.0,4.9,1.0,1.0,0.0,1.0,0.0,1.0,1,50.71101886250849,Stage 3,1,-0.541598850652285,0.7016798940909774
209,19.0,70.0,1.02,0.0,0.0,0.0,0.0,0.0,0.0,121.0,42.0,1.3,138.0,4.4,11.5,40.0,6900.0,4.8,0.0,0.0,0.0,1.0,0.0,0.0,1,81.15741185120936,Stage 2,0,1.0122793744834986,-1.3929449734587414
210,59.0,100.0,1.015,4.0,2.0,0.0,0.0,0.0,0.0,255.0,132.0,12.8,135.0,5.7,7.3,20.0,9800.0,3.9,1.0,1.0,1.0,1.0,0.0,1.0,1,4.06787823231916,Stage 5,1,-3.2363260063356982,-1.1839242677862025
211,54.0,120.0,1.015,0.0,0.0,0.0,0.0,0.0,0.0,103.0,18.0,1.2,138.0,4.4,12.649999999999999,40.0,8000.0,4.8,0.0,0.0,0.0,1.0,0.0,0.0,1,71.8633486837604,Stage 2,1,-0.7892818804732679,-1.2917717355915435
212,40.0,70.0,1.015,3.0,4.0,0.0,0.0,0.0,0.0,253.0,150.0,11.9,132.0,5.6,10.9,31.0,8800.0,3.4,1.0,1.0,0.0,0.0,1.0,0.0,1,4.996693362268182,Stage 5,1,-1.3998894108356439,-0.6736245403467158
213,55.0,80.0,1.01,3.0,1.0,0.0,1.0,1.0,1.0,214.0,73.0,3.9,137.0,4.9,10.9,34.0,7400.0,3.7,1.0,1.0,0.0,1.0,1.0,0.0,1,17.35986764875888,Stage 4,1,-1.1896478763657483,0.00752184888965048
214,68.0,80.0,1.015,0.0,0.0,0.0,1.0,0.0,0.0,171.0,30.0,1.0,138.0,4.4,13.7,43.0,4900.0,5.2,0.0,1.0,0.0,1.0,0.0,0.0,1,81.98055225105762,Stage 2,0,0.17396749977002268,0.8003753023036769
215,2.0,80.0,1.01,3.0,0.0,0.0,1.0,0.0,0.0,121.0,42.0,1.3,138.0,4.4,12.649999999999999,40.0,8000.0,4.8,0.0,0.0,0.0,1.0,1.0,0.0,1,90.20805474647099,Stage 1,0,1.4894890161862686,-2.451461781325054
216,64.0,70.0,1.01,0.0,0.0,0.0,0.0,0.0,0.0,107.0,15.0,1.3,138.0,4.4,12.8,38.0,8000.0,4.8,0.0,0.0,0.0,1.0,0.0,0.0,1,61.34551929480377,Stage 2,1,0.007960529185562611,0.9206937642771985
217,63.0,100.0,1.01,1.0,0.0,0.0,0.0,0.0,0.0,78.0,61.0,1.8,141.0,4.4,12.2,36.0,10500.0,4.3,0.0,1.0,0.0,1.0,0.0,0.0,1,41.77234645987782,Stage 3,1,-1.0783397064349198,-0.15731116896756855
218,33.0,90.0,1.015,0.0,0.0,0.0,0.0,0.0,0.0,92.0,19.0,0.8,138.0,4.4,11.8,34.0,7000.0,4.8,0.0,0.0,0.0,1.0,0.0,0.0,1,119.84037399022378,Stage 1,0,0.8942287561361131,-1.4928396021382186
219,68.0,90.0,1.01,0.0,0.0,0.0,0.0,0.0,0.0,238.0,57.0,2.5,138.0,4.4,9.8,28.0,8000.0,3.3,1.0,1.0,0.0,0.0,0.0,0.0,1,27.301268688477947,Stage 4,1,-1.6571821342569169,0.20168334980789615
220,36.0,80.0,1.01,0.0,0.0,0.0,0.0,0.0,0.0,103.0,42.0,1.3,138.0,4.4,11.9,36.0,8800.0,4.8,0.0,0.0,0.0,1.0,0.0,0.0,1,73.01482685662822,Stage 2,0,0.37877075492076123,-0.8646031400063633
221,66.0,70.0,1.02,1.0,0.0,0.0,0.0,0.0,0.0,248.0,30.0,1.7,138.0,5.3,12.649999999999999,40.0,8000.0,4.8,1.0,1.0,0.0,1.0,0.0,0.0,1,43.91108306427053,Stage 3,1,-0.3380612232695155,1.0421670567421406
222,74.0,60.0,1.02,0.0,0.0,0.0,0.0,0.0,0.0,108.0,68.0,1.8,138.0,4.4,12.649999999999999,40.0,8000.0,4.8,1.0,1.0,0.0,1.0,0.0,0.0,1,39.010165058716716,Stage 3,1,-0.35819631040869926,1.7702973815229184
223,71.0,90.0,1.01,0.0,3.0,0.0,0.0,0.0,0.0,303.0,30.0,1.3,136.0,4.1,13.0,38.0,9200.0,4.6,1.0,1.0,0.0,1.0,0.0,0.0,1,58.7321357628218,Stage 3,1,-0.5979693671059085,0.6006255344001217
224,34.0,60.0,1.02,0.0,0.0,0.0,0.0,0.0,0.0,117.0,28.0,2.2,138.0,3.8,12.649999999999999,40.0,8000.0,4.8,0.0,0.0,0.0,1.0,1.0,0.0,1,39.322206598970645,Stage 3,0,0.4748846769320146,-0.13218754116999942
225,60.0,90.0,1.01,3.0,5.0,1.0,0.0,0.0,1.0,490.0,95.0,2.7,131.0,3.8,11.5,35.0,12000.0,4.5,1.0,1.0,0.0,1.0,0.0,0.0,1,26.16268927570836,Stage 4,1,-1.2017591089056354,-0.014339987817742978
226,64.0,100.0,1.015,4.0,2.0,1.0,1.0,0.0,1.0,163.0,54.0,7.2,140.0,4.6,7.9,26.0,7500.0,3.4,1.0,1.0,0.0,1.0,1.0,0.0,1,7.86531053980388,Stage 5,1,-2.769165726305765,-0.653645172783104
227,57.0,80.0,1.015,0.0,0.0,0.0,0.0,0.0,0.0,120.0,48.0,1.6,138.0,4.4,11.3,36.0,7200.0,3.8,1.0,1.0,0.0,1.0,0.0,0.0,1,49.943381525516024,Stage 3,1,-0.5302895740549439,0.13148338452385233
228,60.0,70.0,1.02,0.0,0.0,0.0,0.0,0.0,0.0,124.0,52.0,2.5,138.0,4.4,12.649999999999999,40.0,8000.0,4.8,1.0,0.0,0.0,1.0,0.0,0.0,1,28.69398651530593,Stage 4,1,-0.4827109874907537,0.7761332831250796
229,59.0,50.0,1.01,3.0,0.0,0.0,1.0,0.0,0.0,241.0,191.0,12.0,114.0,2.9,9.6,31.0,15700.0,3.8,0.0,1.0,0.0,1.0,1.0,0.0,1,4.39544057208168,Stage 5,1,-1.607845913764975,0.7701270784332903
230,65.0,60.0,1.01,2.0,0.0,0.0,1.0,1.0,0.0,192.0,17.0,1.7,130.0,4.3,12.649999999999999,40.0,9500.0,4.8,1.0,1.0,0.0,0.0,0.0,0.0,1,44.18503025183188,Stage 3,1,-0.08479352279402397,1.3332115590756337
231,60.0,90.0,1.02,0.0,0.0,0.0,0.0,0.0,0.0,269.0,51.0,2.8,138.0,3.7,11.5,35.0,8000.0,4.8,1.0,1.0,1.0,1.0,1.0,0.0,1,25.04547442065534,Stage 4,1,-1.2248470513763818,-0.014965511878865339
232,50.0,90.0,1.015,1.0,0.0,1.0,1.0,0.0,0.0,121.0,42.0,1.3,138.0,4.4,12.649999999999999,40.0,8000.0,4.8,0.0,0.0,0.0,1.0,1.0,0.0,1,66.92632120279765,Stage 2,1,-0.09663855880749152,-0.4504530359486391
233,51.0,100.0,1.015,2.0,0.0,0.0,0.0,0.0,1.0,93.0,20.0,1.6,146.0,4.5,12.649999999999999,40.0,8000.0,4.8,0.0,0.0,0.0,0.0,0.0,0.0,1,51.84226759149392,Stage 3,1,-0.5809150526757988,-0.7041210398586432
234,37.0,100.0,1.01,0.0,0.0,1.0,0.0,0.0,0.0,121.0,19.0,1.3,138.0,4.4,15.0,44.0,4100.0,5.2,1.0,0.0,0.0,1.0,0.0,0.0,1,72.56213493011713,Stage 2,0,0.4686022915963742,-1.191944579803645
235,45.0,70.0,1.01,2.0,0.0,0.0,0.0,0.0,0.0,113.0,93.0,2.3,138.0,4.4,7.9,26.0,5700.0,4.8,0.0,0.0,1.0,1.0,0.0,1.0,1,34.81453596332195,Stage 3,1,-0.9388135647665135,-0.40527310515551856
236,65.0,80.0,1.02,0.0,0.0,0.0,0.0,0.0,0.0,74.0,66.0,2.0,136.0,5.4,9.1,25.0,8000.0,4.8,1.0,1.0,1.0,1.0,1.0,0.0,1,36.35614840472475,Stage 3,1,-1.3299963195355746,0.32250010822729314
237,80.0,70.0,1.015,2.0,2.0,0.0,0.0,0.0,0.0,141.0,53.0,2.2,138.0,4.4,12.7,40.0,9600.0,4.8,1.0,1.0,0.0,0.0,1.0,0.0,1,29.53871043458092,Stage 4,1,-0.8685564040462899,1.7332738685698366
238,72.0,100.0,1.02,0.0,0.0,0.0,0.0,0.0,0.0,201.0,241.0,13.4,127.0,4.8,9.4,28.0,8000.0,4.8,1.0,1.0,0.0,1.0,0.0,1.0,1,3.551248400784975,Stage 5,1,-3.1778064864629356,-0.392007715500277
239,34.0,90.0,1.015,2.0,0.0,0.0,0.0,0.0,0.0,104.0,50.0,1.6,137.0,4.1,11.9,39.0,8000.0,4.8,0.0,0.0,0.0,1.0,0.0,0.0,1,57.623697040124306,Stage 3,1,-0.045494353935108686,-1.2584895705956283
240,65.0,70.0,1.015,1.0,0.0,0.0,0.0,0.0,0.0,203.0,46.0,1.4,138.0,4.4,11.4,36.0,5000.0,4.1,1.0,1.0,0.0,0.0,1.0,0.0,1,55.777650861518566,Stage 3,1,-0.3584340714252514,0.8459438164774317
241,57.0,70.0,1.015,1.0,0.0,0.0,1.0,0.0,0.0,165.0,45.0,1.5,140.0,3.3,10.4,31.0,4200.0,3.9,0.0,0.0,0.0,1.0,0.0,0.0,1,53.965028677629384,Stage 3,1,-0.4047728902765092,0.37350734338780983
242,69.0,70.0,1.01,4.0,3.0,0.0,1.0,1.0,1.0,214.0,96.0,6.3,120.0,3.9,9.4,28.0,11500.0,3.3,1.0,1.0,1.0,1.0,1.0,1.0,1,8.94954946196664,Stage 5,1,-1.8338536220995258,0.7815934820821627
243,62.0,90.0,1.02,2.0,1.0,0.0,0.0,0.0,0.0,169.0,48.0,2.4,138.0,2.9,13.4,47.0,11000.0,6.1,1.0,0.0,0.0,1.0,0.0,0.0,1,29.762087902687497,Stage 4,1,-0.8203497677360321,0.2660652873324227
244,64.0,90.0,1.015,3.0,2.0,0.0,1.0,1.0,0.0,463.0,64.0,2.8,135.0,4.1,12.2,40.0,9800.0,4.6,1.0,1.0,0.0,1.0,0.0,1.0,1,24.43009930410019,Stage 4,1,-1.189811406889825,0.2437336064730566
245,48.0,100.0,1.02,0.0,0.0,0.0,0.0,0.0,0.0,103.0,79.0,5.3,135.0,6.3,6.3,19.0,7200.0,2.6,1.0,0.0,1.0,0.0,0.0,0.0,1,12.548734992338574,Stage 5,1,-2.516880957659278,-1.4944843795287812
246,48.0,110.0,1.015,3.0,0.0,1.0,0.0,1.0,0.0,106.0,215.0,15.2,120.0,5.7,8.6,26.0,5000.0,2.5,1.0,0.0,1.0,1.0,0.0,1.0,1,3.5442037914527806,Stage 5,1,-3.170825965371393,-2.0193468947959476
247,54.0,90.0,1.025,1.0,0.0,0.0,1.0,0.0,0.0,150.0,18.0,1.2,140.0,4.2,12.649999999999999,40.0,8000.0,4.8,0.0,0.0,0.0,0.0,1.0,1.0,1,71.8633486837604,Stage 2,1,-0.10542570307091145,-0.2745524862634211
248,59.0,70.0,1.01,1.0,3.0,1.0,1.0,0.0,0.0,424.0,55.0,1.7,138.0,4.5,12.6,37.0,10200.0,4.1,1.0,1.0,1.0,1.0,0.0,0.0,1,45.86497934032422,Stage 3,1,-0.1695910122767216,0.7009691455351984
249,56.0,90.0,1.01,4.0,1.0,0.0,1.0,1.0,0.0,176.0,309.0,13.3,124.0,6.5,3.1,9.0,5400.0,2.1,1.0,1.0,0.0,0.0,1.0,1.0,1,3.958229411453152,Stage 5,1,-3.759264539202796,-1.4173929249134687
250,40.0,80.0,1.025,0.0,0.0,0.0,0.0,0.0,0.0,140.0,10.0,1.2,135.0,5.0,15.0,48.0,10400.0,4.5,0.0,0.0,0.0,1.0,0.0,0.0,0,78.40099182476698,Stage 2,0,0.949897945503752,-0.38807737083467947
251,23.0,80.0,1.025,0.0,0.0,0.0,0.0,0.0,0.0,70.0,36.0,1.0,150.0,4.6,17.0,52.0,9800.0,5.0,0.0,0.0,0.0,1.0,0.0,0.0,0,108.45664881986315,Stage 1,0,2.123467111826491,-1.0877207692506
252,45.0,80.0,1.025,0.0,0.0,0.0,0.0,0.0,0.0,82.0,49.0,0.6,147.0,4.4,15.9,46.0,9100.0,4.7,0.0,0.0,0.0,1.0,0.0,0.0,0,121.31725162398621,Stage 1,0,1.6588776890388128,-0.1852028223054572
253,57.0,80.0,1.025,0.0,0.0,0.0,0.0,0.0,0.0,119.0,17.0,1.2,135.0,4.7,15.4,42.0,6200.0,6.2,0.0,0.0,0.0,1.0,0.0,0.0,0,70.53496055256451,Stage 2,0,0.548245152698572,0.47839016003734475
254,51.0,60.0,1.025,0.0,0.0,0.0,0.0,0.0,0.0,99.0,38.0,0.8,135.0,3.7,13.0,49.0,8300.0,5.2,0.0,0.0,0.0,1.0,0.0,0.0,0,107.14823439043337,Stage 1,0,1.2348784619978146,0.5324477855588716
255,34.0,80.0,1.025,0.0,0.0,0.0,0.0,0.0,0.0,121.0,27.0,1.2,144.0,3.9,13.6,52.0,9200.0,6.3,0.0,0.0,0.0,1.0,0.0,0.0,0,81.38185828569807,Stage 2,0,0.8616335537173552,-0.8172907043723905
256,60.0,80.0,1.025,0.0,0.0,0.0,0.0,0.0,0.0,131.0,10.0,0.5,146.0,5.0,14.5,41.0,10700.0,5.1,0.0,0.0,0.0,1.0,0.0,0.0,0,116.76701697085385,Stage 1,0,1.0212016294403634,0.4047283760024788
257,38.0,60.0,1.02,0.0,0.0,0.0,0.0,0.0,0.0,91.0,36.0,0.7,135.0,3.7,14.0,46.0,9100.0,5.8,0.0,0.0,0.0,1.0,0.0,0.0,0,120.95161892141016,Stage 1,0,1.9008980819731074,-0.02508491455032305
258,42.0,80.0,1.02,0.0,0.0,0.0,0.0,0.0,0.0,98.0,20.0,0.5,140.0,3.5,13.9,44.0,8400.0,5.5,0.0,0.0,0.0,1.0,0.0,0.0,0,130.59854007971705,Stage 1,0,1.4915057748857832,-0.5487596098280062
259,35.0,80.0,1.02,0.0,0.0,0.0,0.0,0.0,0.0,104.0,31.0,1.2,135.0,5.0,16.1,45.0,4300.0,5.2,0.0,0.0,0.0,1.0,0.0,0.0,0,80.87729076432674,Stage 2,0,1.2956225419648093,-0.5247915890604552
260,30.0,80.0,1.02,0.0,0.0,0.0,0.0,0.0,0.0,131.0,38.0,1.0,147.0,3.8,14.1,45.0,9400.0,5.3,0.0,0.0,0.0,1.0,0.0,0.0,0,103.83628170555637,Stage 1,0,1.371536808059273,-1.024931363795983
261,49.0,80.0,1.02,0.0,0.0,0.0,0.0,0.0,0.0,122.0,32.0,1.2,139.0,3.9,17.0,41.0,5600.0,4.9,0.0,0.0,0.0,1.0,0.0,0.0,0,74.13315586345216,Stage 2,0,1.0666641790907594,0.24529840692167737
262,55.0,80.0,1.02,0.0,0.0,0.0,0.0,0.0,0.0,118.0,18.0,0.9,135.0,3.6,15.5,43.0,7200.0,5.4,0.0,0.0,0.0,1.0,0.0,0.0,0,100.86324282087661,Stage 1,0,1.0597046190031263,0.3034202649349588
263,45.0,80.0,1.02,0.0,0.0,0.0,0.0,0.0,0.0,117.0,46.0,1.2,137.0,5.0,16.2,45.0,8600.0,5.2,0.0,0.0,0.0,1.0,0.0,0.0,0,76.00051214646228,Stage 2,0,1.0307988072597132,-0.027436823491492568
264,42.0,80.0,1.02,0.0,0.0,0.0,0.0,0.0,0.0,132.0,24.0,0.7,140.0,4.1,14.4,50.0,5000.0,4.5,0.0,0.0,0.0,1.0,0.0,0.0,0,117.97979992763966,Stage 1,0,1.3912593964275595,-0.46570119034792634
265,50.0,80.0,1.02,0.0,0.0,0.0,0.0,0.0,0.0,97.0,40.0,0.6,150.0,4.5,14.2,48.0,10500.0,5.0,0.0,0.0,0.0,1.0,0.0,0.0,0,117.60276293738826,Stage 1,0,1.1846606929414205,-0.10273027765972088
266,55.0,80.0,1.02,0.0,0.0,0.0,0.0,0.0,0.0,133.0,17.0,1.2,135.0,4.8,13.2,41.0,6800.0,5.3,0.0,0.0,0.0,1.0,0.0,0.0,0,71.4177959219211,Stage 2,0,0.19655157329082718,0.1667467545767729
267,48.0,80.0,1.025,0.0,0.0,0.0,0.0,0.0,0.0,122.0,33.0,0.9,146.0,3.9,13.9,48.0,9500.0,4.8,0.0,0.0,0.0,1.0,0.0,0.0,0,105.35131965218496,Stage 1,0,0.9771595220471604,-0.1975408596259418
268,55.0,80.0,1.02,0.0,0.0,0.0,0.0,0.0,0.0,100.0,49.0,1.0,140.0,5.0,16.3,53.0,8500.0,4.9,0.0,0.0,0.0,1.0,0.0,0.0,0,88.88407112743099,Stage 2,0,1.0313110397368708,0.4179821343971424
269,25.0,80.0,1.025,0.0,0.0,0.0,0.0,0.0,0.0,121.0,19.0,1.2,142.0,4.9,15.0,48.0,6900.0,5.3,0.0,0.0,0.0,1.0,0.0,0.0,0,86.06700108509642,Stage 2,0,1.3798395424533503,-1.1206905606387438
270,23.0,80.0,1.025,0.0,0.0,0.0,0.0,0.0,0.0,111.0,34.0,1.1,145.0,4.0,14.3,41.0,7200.0,5.0,0.0,0.0,0.0,1.0,0.0,0.0,0,96.73529467423258,Stage 1,0,1.4511288075797673,-1.3151948042381634
271,30.0,80.0,1.025,0.0,0.0,0.0,0.0,0.0,0.0,96.0,25.0,0.5,144.0,4.8,13.8,42.0,9000.0,4.5,0.0,0.0,0.0,1.0,0.0,0.0,0,140.7182460142158,Stage 1,0,1.8732347785009837,-1.1582552366484964
272,56.0,80.0,1.025,0.0,0.0,0.0,0.0,0.0,0.0,139.0,15.0,1.2,135.0,5.0,14.8,42.0,5600.0,5.5,0.0,0.0,0.0,1.0,0.0,0.0,0,70.97500558720519,Stage 2,0,0.464890989437806,0.3713092599975154
273,47.0,80.0,1.02,0.0,0.0,0.0,0.0,0.0,0.0,95.0,35.0,0.9,140.0,4.1,12.649999999999999,40.0,8000.0,4.8,0.0,0.0,0.0,1.0,0.0,0.0,0,106.00857280356708,Stage 1,0,0.7766058145445285,-0.3687227766103856
274,19.0,80.0,1.02,0.0,0.0,0.0,0.0,0.0,0.0,107.0,23.0,0.7,141.0,4.2,14.4,44.0,8000.0,4.8,0.0,0.0,0.0,1.0,0.0,0.0,0,136.1227862476928,Stage 1,0,2.1406808852604606,-1.6109261878966388
275,52.0,80.0,1.02,0.0,0.0,0.0,0.0,0.0,0.0,125.0,22.0,1.2,139.0,4.6,16.5,43.0,4700.0,4.6,0.0,0.0,0.0,1.0,0.0,0.0,0,72.76281053191936,Stage 2,0,0.890462701781699,0.3425270494643659
276,20.0,60.0,1.025,0.0,0.0,0.0,0.0,0.0,0.0,121.0,42.0,1.3,137.0,4.7,14.0,41.0,4500.0,5.5,0.0,0.0,0.0,1.0,0.0,0.0,0,80.65423589773187,Stage 2,0,1.6742400649117928,-0.761377542109441
277,46.0,60.0,1.025,0.0,0.0,0.0,0.0,0.0,0.0,123.0,46.0,1.0,135.0,5.0,15.7,50.0,6300.0,4.8,0.0,0.0,0.0,1.0,0.0,0.0,0,94.00111532617566,Stage 1,0,1.6414697560175295,0.5963044848925605
278,48.0,60.0,1.02,0.0,0.0,0.0,0.0,0.0,0.0,112.0,44.0,1.2,142.0,4.9,14.5,44.0,9400.0,6.4,0.0,0.0,0.0,1.0,0.0,0.0,0,74.59564888654876,Stage 2,0,1.0879853953405605,0.6310895917682733
279,24.0,70.0,1.025,0.0,0.0,0.0,0.0,0.0,0.0,140.0,23.0,0.6,140.0,4.7,16.3,48.0,5800.0,5.6,0.0,0.0,0.0,1.0,0.0,0.0,0,138.24318227445016,Stage 1,0,2.6501838320535493,-0.8540163596457712
280,47.0,80.0,1.02,0.0,0.0,0.0,0.0,0.0,0.0,93.0,33.0,0.9,144.0,4.5,13.3,52.0,8100.0,5.2,0.0,0.0,0.0,1.0,0.0,0.0,0,106.00857280356708,Stage 1,0,0.8968714177292649,-0.3053658460578244
281,55.0,80.0,1.025,0.0,0.0,0.0,0.0,0.0,0.0,130.0,50.0,1.2,147.0,5.0,15.5,41.0,9100.0,6.0,0.0,0.0,0.0,1.0,0.0,0.0,0,71.4177959219211,Stage 2,0,0.6221067845598937,0.39093281653198864
282,20.0,70.0,1.02,0.0,0.0,0.0,0.0,0.0,0.0,123.0,44.0,1.0,135.0,3.8,14.6,44.0,5500.0,4.8,0.0,0.0,0.0,1.0,0.0,0.0,0,110.49921783688585,Stage 1,0,2.0005399862852205,-1.1308485371406494
283,60.0,70.0,1.02,0.0,0.0,0.0,0.0,0.0,0.0,121.0,42.0,1.3,138.0,4.4,16.4,43.0,10800.0,5.7,0.0,0.0,0.0,1.0,0.0,0.0,0,62.890765002414966,Stage 2,0,0.7816539414136937,1.0779396666812366
284,33.0,80.0,1.025,0.0,0.0,0.0,0.0,0.0,0.0,100.0,37.0,1.2,142.0,4.0,16.9,52.0,6700.0,6.0,0.0,0.0,0.0,1.0,0.0,0.0,0,81.88957364228023,Stage 2,0,1.5008282279926974,-0.5444618382428151
285,66.0,70.0,1.02,0.0,0.0,0.0,0.0,0.0,0.0,94.0,19.0,0.7,135.0,3.9,16.0,41.0,5300.0,5.9,0.0,0.0,0.0,1.0,0.0,0.0,0,101.62100208565452,Stage 1,0,1.169564894618842,1.215530469819464
286,71.0,70.0,1.02,0.0,0.0,0.0,0.0,0.0,0.0,81.0,18.0,0.8,145.0,5.0,14.7,44.0,9800.0,6.0,0.0,0.0,0.0,1.0,0.0,0.0,0,94.6160617495041,Stage 1,0,0.7155926560203544,1.3438111934779806
287,39.0,70.0,1.025,0.0,0.0,0.0,0.0,0.0,0.0,124.0,22.0,0.6,137.0,3.8,13.4,43.0,8000.0,4.8,0.0,0.0,0.0,1.0,0.0,0.0,0,125.92982753765011,Stage 1,0,1.6180717797640254,-0.3881522147980046
288,56.0,70.0,1.025,0.0,0.0,0.0,0.0,0.0,0.0,70.0,46.0,1.2,135.0,4.9,15.9,50.0,11000.0,5.1,0.0,0.0,0.0,1.0,0.0,0.0,0,70.97500558720519,Stage 2,0,0.8963694539614783,0.8176017640419928
289,42.0,70.0,1.02,0.0,0.0,0.0,0.0,0.0,0.0,93.0,32.0,0.9,143.0,4.7,16.6,43.0,7100.0,5.3,0.0,0.0,0.0,1.0,0.0,0.0,0,109.3568584605196,Stage 1,0,1.8899096445358705,0.10844470966222972
290,54.0,70.0,1.02,0.0,0.0,0.0,0.0,0.0,0.0,76.0,28.0,0.6,146.0,3.5,14.8,52.0,8400.0,5.9,0.0,0.0,0.0,1.0,0.0,0.0,0,114.71322637943358,Stage 1,0,1.3970444653856282,0.4930852624086805
291,47.0,80.0,1.025,0.0,0.0,0.0,0.0,0.0,0.0,124.0,44.0,1.0,140.0,4.9,14.9,41.0,7000.0,5.7,0.0,0.0,0.0,1.0,0.0,0.0,0,93.41830841115338,Stage 1,0,1.0078710008576146,-0.11073280537268758
292,30.0,80.0,1.02,0.0,0.0,0.0,0.0,0.0,0.0,89.0,42.0,0.5,139.0,5.0,16.7,52.0,10200.0,5.0,0.0,0.0,0.0,1.0,0.0,0.0,0,140.7182460142158,Stage 1,0,2.409804392709806,-0.8755858541832245
293,50.0,80.0,1.02,0.0,0.0,0.0,0.0,0.0,0.0,92.0,19.0,1.2,150.0,4.8,14.9,48.0,4700.0,5.4,0.0,0.0,0.0,1.0,0.0,0.0,0,73.67353029709876,Stage 2,0,0.6501771349193817,0.089271441382424
294,75.0,60.0,1.02,0.0,0.0,0.0,0.0,0.0,0.0,110.0,50.0,0.7,135.0,5.0,14.3,40.0,8300.0,5.8,0.0,0.0,0.0,1.0,0.0,0.0,0,96.08916177302986,Stage 1,0,0.8118519796023653,1.831662267149283
295,44.0,70.0,1.02,0.0,0.0,0.0,0.0,0.0,0.0,106.0,25.0,0.9,150.0,3.6,15.0,50.0,9600.0,6.5,0.0,0.0,0.0,1.0,0.0,0.0,0,108.00503709324838,Stage 1,0,1.5318919087350336,0.051300349768928694
296,41.0,70.0,1.02,0.0,0.0,0.0,0.0,0.0,0.0,125.0,38.0,0.6,140.0,5.0,16.8,41.0,6300.0,5.9,0.0,0.0,0.0,1.0,0.0,0.0,0,124.37313841875381,Stage 1,0,2.1822822032242652,0.042766241758641396
297,53.0,60.0,1.025,0.0,0.0,0.0,0.0,0.0,0.0,116.0,26.0,1.0,146.0,4.9,15.8,45.0,7700.0,5.2,0.0,0.0,0.0,1.0,0.0,0.0,0,89.99656911635697,Stage 2,0,1.4533042507167457,0.9494008850161062
298,34.0,60.0,1.02,0.0,0.0,0.0,0.0,0.0,0.0,91.0,49.0,1.2,135.0,4.5,13.5,48.0,8600.0,4.9,0.0,0.0,0.0,1.0,0.0,0.0,0,81.38185828569807,Stage 2,0,1.2990352714956337,-0.14889175823865136
299,73.0,60.0,1.02,0.0,0.0,0.0,0.0,0.0,0.0,127.0,48.0,0.5,150.0,3.5,15.1,52.0,11000.0,4.7,0.0,0.0,0.0,1.0,0.0,0.0,0,107.69786323418028,Stage 1,0,1.1812694285543492,1.7845975337568063
300,45.0,60.0,1.02,0.0,0.0,0.0,0.0,0.0,0.0,114.0,26.0,0.7,141.0,4.2,15.0,43.0,9200.0,5.8,0.0,0.0,0.0,1.0,0.0,0.0,0,115.79895296162347,Stage 1,0,1.863047591385009,0.4196695619114146
301,44.0,60.0,1.025,0.0,0.0,0.0,0.0,0.0,0.0,96.0,33.0,0.9,147.0,4.5,16.9,41.0,7200.0,5.0,0.0,0.0,0.0,1.0,0.0,0.0,0,108.00503709324838,Stage 1,0,2.111389577178381,0.575570614493481
302,29.0,70.0,1.02,0.0,0.0,0.0,0.0,0.0,0.0,127.0,44.0,1.2,145.0,5.0,14.8,48.0,8000.0,4.8,0.0,0.0,0.0,1.0,0.0,0.0,0,83.95230802978685,Stage 2,0,1.4551416205251804,-0.6055071503179212
303,55.0,70.0,1.02,0.0,0.0,0.0,0.0,0.0,0.0,107.0,26.0,1.1,138.0,4.4,17.0,50.0,6700.0,6.1,0.0,0.0,0.0,1.0,0.0,0.0,0,79.27800559870124,Stage 2,0,1.2458653303596583,0.8537403548260684
304,33.0,80.0,1.025,0.0,0.0,0.0,0.0,0.0,0.0,128.0,38.0,0.6,135.0,3.9,13.1,45.0,6200.0,4.5,0.0,0.0,0.0,1.0,0.0,0.0,0,130.71777716176746,Stage 1,0,1.530890097254291,-1.055409706570667
305,41.0,80.0,1.02,0.0,0.0,0.0,0.0,0.0,0.0,122.0,25.0,0.8,138.0,5.0,17.1,41.0,9100.0,5.2,0.0,0.0,0.0,1.0,0.0,0.0,0,114.02369093222877,Stage 1,0,1.84911176883809,-0.24051674184477664
306,52.0,80.0,1.02,0.0,0.0,0.0,0.0,0.0,0.0,128.0,30.0,1.2,140.0,4.5,15.2,52.0,4300.0,5.7,0.0,0.0,0.0,1.0,0.0,0.0,0,72.76281053191936,Stage 2,0,0.6499314954122266,0.2158131883592439
307,47.0,60.0,1.02,0.0,0.0,0.0,0.0,0.0,0.0,137.0,17.0,0.5,150.0,3.5,13.6,44.0,7900.0,4.5,0.0,0.0,0.0,1.0,0.0,0.0,0,126.5998771268514,Stage 1,0,1.7282151664785148,0.34929367349237733
308,43.0,80.0,1.025,0.0,0.0,0.0,0.0,0.0,0.0,81.0,46.0,0.6,135.0,4.9,13.9,48.0,6900.0,4.9,0.0,0.0,0.0,1.0,0.0,0.0,0,122.83569240580208,Stage 1,0,1.353160967863007,-0.4795291709517592
309,51.0,60.0,1.02,0.0,0.0,0.0,0.0,0.0,0.0,129.0,25.0,1.2,139.0,5.0,17.2,40.0,8100.0,5.9,0.0,0.0,0.0,1.0,0.0,0.0,0,73.21675440925675,Stage 2,0,1.503740055969414,1.0402585637039634
310,46.0,60.0,1.02,0.0,0.0,0.0,0.0,0.0,0.0,102.0,27.0,0.7,142.0,4.9,13.2,44.0,11000.0,5.4,0.0,0.0,0.0,1.0,0.0,0.0,0,115.0809994532614,Stage 1,0,1.4984212519104085,0.2937692065508822
311,56.0,60.0,1.025,0.0,0.0,0.0,0.0,0.0,0.0,132.0,18.0,1.1,147.0,4.7,13.7,45.0,7500.0,5.6,0.0,0.0,0.0,1.0,0.0,0.0,0,78.78648196398929,Stage 2,0,0.834851273775018,0.919929104081694
312,80.0,70.0,1.02,0.0,0.0,0.0,0.0,0.0,0.0,121.0,42.0,1.3,135.0,4.1,15.3,48.0,6300.0,6.1,0.0,0.0,0.0,1.0,0.0,0.0,0,55.5349935423045,Stage 3,1,0.04532184849066417,1.9377212801057393
313,55.0,80.0,1.02,0.0,0.0,0.0,0.0,0.0,0.0,104.0,28.0,0.9,142.0,4.8,17.3,52.0,8200.0,4.8,0.0,0.0,0.0,1.0,0.0,0.0,0,100.86324282087661,Stage 1,0,1.3927478278223957,0.4788702264651278
314,39.0,70.0,1.025,0.0,0.0,0.0,0.0,0.0,0.0,131.0,46.0,0.6,145.0,5.0,15.6,41.0,9400.0,4.7,0.0,0.0,0.0,1.0,0.0,0.0,0,125.92982753765011,Stage 1,0,2.025124590543132,-0.17371337292779837
315,44.0,70.0,1.025,0.0,0.0,0.0,0.0,0.0,0.0,121.0,42.0,1.3,138.0,4.4,13.8,48.0,7800.0,4.4,0.0,0.0,0.0,1.0,0.0,0.0,0,69.47091179513122,Stage 2,0,0.7366540121085045,0.048528452206689714
316,35.0,80.0,1.02,0.0,0.0,0.0,0.0,0.0,0.0,99.0,30.0,0.5,135.0,4.9,15.4,48.0,5000.0,5.2,0.0,0.0,0.0,1.0,0.0,0.0,0,136.4097381489225,Stage 1,0,2.001211962863649,-0.7520895071415127
317,58.0,70.0,1.02,0.0,0.0,0.0,0.0,0.0,0.0,102.0,48.0,1.2,139.0,4.3,15.0,40.0,8100.0,4.9,0.0,0.0,0.0,1.0,0.0,0.0,0,70.09764379713862,Stage 2,0,0.6745658819447614,0.8270625961137262
318,61.0,70.0,1.025,0.0,0.0,0.0,0.0,0.0,0.0,120.0,29.0,0.7,137.0,3.5,17.4,52.0,7000.0,5.3,0.0,0.0,0.0,1.0,0.0,0.0,0,104.83070611929934,Stage 1,0,1.5811492672196403,1.1055454976785732
319,30.0,60.0,1.02,0.0,0.0,0.0,0.0,0.0,0.0,138.0,15.0,1.1,135.0,4.4,12.649999999999999,40.0,8000.0,4.8,0.0,0.0,0.0,1.0,0.0,0.0,0,92.61426955342189,Stage 1,0,1.3934312229248402,-0.4541295694300872
320,57.0,60.0,1.02,0.0,0.0,0.0,0.0,0.0,0.0,105.0,49.0,1.2,150.0,4.7,15.7,44.0,10400.0,6.2,0.0,0.0,0.0,1.0,0.0,0.0,0,70.53496055256451,Stage 2,0,1.0596564724366877,1.1857779865111213
321,65.0,60.0,1.02,0.0,0.0,0.0,0.0,0.0,0.0,109.0,39.0,1.0,144.0,3.5,13.9,48.0,9600.0,4.8,0.0,0.0,0.0,1.0,0.0,0.0,0,83.5244957330708,Stage 2,0,0.7530163647425795,1.351456473300706
322,70.0,60.0,1.02,0.0,0.0,0.0,0.0,0.0,0.0,120.0,40.0,0.5,140.0,4.6,16.0,43.0,4500.0,4.9,0.0,0.0,0.0,1.0,0.0,0.0,0,109.72614200763799,Stage 1,0,1.440767742313792,1.7241038994228672
323,43.0,80.0,1.025,0.0,0.0,0.0,0.0,0.0,0.0,130.0,30.0,1.1,143.0,5.0,15.9,45.0,7800.0,4.5,0.0,0.0,0.0,1.0,0.0,0.0,0,85.42103065275387,Stage 2,0,1.1584843732923953,-0.17867770348838627
324,40.0,80.0,1.02,0.0,0.0,0.0,0.0,0.0,0.0,119.0,15.0,0.7,150.0,4.9,12.649999999999999,40.0,8000.0,4.8,0.0,0.0,0.0,1.0,0.0,0.0,0,119.45646822701602,Stage 1,0,1.1312090258905183,-0.7355163894527672
325,58.0,80.0,1.02,0.0,0.0,0.0,0.0,0.0,0.0,100.0,50.0,1.2,140.0,3.5,14.0,50.0,6700.0,6.5,0.0,0.0,0.0,1.0,0.0,0.0,0,70.09764379713862,Stage 2,0,0.26158981791104846,0.3905173121542582
326,47.0,60.0,1.02,0.0,0.0,0.0,0.0,0.0,0.0,109.0,25.0,1.1,141.0,4.7,15.8,41.0,8300.0,5.2,0.0,0.0,0.0,1.0,0.0,0.0,0,83.32220929240275,Stage 2,0,1.4804649521198963,0.6852716386137507
327,30.0,60.0,1.025,0.0,0.0,0.0,0.0,0.0,0.0,120.0,31.0,0.8,150.0,4.6,13.4,44.0,10700.0,5.8,0.0,0.0,0.0,1.0,0.0,0.0,0,122.09733322291598,Stage 1,0,1.9703280505722667,-0.46866683356229827
328,28.0,70.0,1.02,0.0,0.0,0.0,0.0,0.0,0.0,131.0,29.0,0.6,145.0,4.9,12.649999999999999,45.0,8600.0,6.5,0.0,0.0,0.0,1.0,0.0,0.0,0,134.84650417699177,Stage 1,0,1.8411048332546804,-1.009793449590986
329,33.0,60.0,1.025,0.0,0.0,0.0,0.0,0.0,0.0,80.0,25.0,0.9,146.0,3.5,14.1,48.0,7800.0,5.1,0.0,0.0,0.0,1.0,0.0,0.0,0,115.65251831363415,Stage 1,0,1.9372077551197338,-0.24154076947485706
330,43.0,80.0,1.02,0.0,0.0,0.0,0.0,0.0,0.0,114.0,32.0,1.1,135.0,3.9,12.649999999999999,42.0,8000.0,4.8,0.0,0.0,0.0,1.0,0.0,0.0,0,85.42103065275387,Stage 2,0,0.5571563573687143,-0.4954623562511912
331,59.0,70.0,1.025,0.0,0.0,0.0,0.0,0.0,0.0,130.0,39.0,0.7,147.0,4.7,13.5,46.0,6700.0,4.5,0.0,0.0,0.0,1.0,0.0,0.0,0,106.14279666888962,Stage 1,0,0.920974145148499,0.6267288581267939
332,34.0,70.0,1.025,0.0,0.0,0.0,0.0,0.0,0.0,121.0,33.0,1.0,150.0,5.0,15.3,44.0,10500.0,6.1,0.0,0.0,0.0,1.0,0.0,0.0,0,101.28499188432974,Stage 1,0,1.6997095952192616,-0.37179122968563144
333,23.0,80.0,1.02,0.0,0.0,0.0,0.0,0.0,0.0,99.0,46.0,1.2,142.0,4.0,17.7,46.0,4300.0,5.5,0.0,0.0,0.0,1.0,0.0,0.0,0,87.14423983446454,Stage 2,0,1.9375077396697828,-0.9553861465018743
334,24.0,80.0,1.025,0.0,0.0,0.0,0.0,0.0,0.0,125.0,42.0,1.3,136.0,3.5,15.4,43.0,5600.0,4.5,0.0,0.0,0.0,1.0,0.0,0.0,0,78.67253617096206,Stage 2,0,1.3636016761219558,-1.107913452887662
335,60.0,60.0,1.02,0.0,0.0,0.0,0.0,0.0,0.0,134.0,45.0,0.5,139.0,4.8,14.2,48.0,10700.0,5.6,0.0,0.0,0.0,1.0,0.0,0.0,0,116.76701697085385,Stage 1,0,1.4215985462387228,1.053632881966199
336,25.0,60.0,1.02,0.0,0.0,0.0,0.0,0.0,0.0,119.0,27.0,0.5,138.0,4.4,15.2,40.0,9200.0,5.2,0.0,0.0,0.0,1.0,0.0,0.0,0,145.16283829897353,Stage 1,0,2.7581546629227645,-0.5943243796185567
337,44.0,70.0,1.025,0.0,0.0,0.0,0.0,0.0,0.0,92.0,40.0,0.9,141.0,4.9,14.0,52.0,7500.0,6.2,0.0,0.0,0.0,1.0,0.0,0.0,0,108.00503709324838,Stage 1,0,1.3468679038354396,-0.04617185108116509
338,62.0,80.0,1.02,0.0,0.0,0.0,0.0,0.0,0.0,132.0,34.0,0.8,147.0,3.5,17.8,44.0,4700.0,4.5,0.0,0.0,0.0,1.0,0.0,0.0,0,100.06309588894229,Stage 1,0,1.3311420738026873,0.864430996497415
339,25.0,70.0,1.02,0.0,0.0,0.0,0.0,0.0,0.0,88.0,42.0,0.5,136.0,3.5,13.3,48.0,7000.0,4.9,0.0,0.0,0.0,1.0,0.0,0.0,0,145.16283829897353,Stage 1,0,2.1786569944794167,-1.118594644343109
340,32.0,70.0,1.025,0.0,0.0,0.0,0.0,0.0,0.0,100.0,29.0,1.1,142.0,4.5,14.3,43.0,6700.0,5.9,0.0,0.0,0.0,1.0,0.0,0.0,0,91.4694127034811,Stage 1,0,1.4117109066044524,-0.5342713547263751
341,63.0,70.0,1.025,0.0,0.0,0.0,0.0,0.0,0.0,130.0,37.0,0.9,150.0,5.0,13.4,41.0,7300.0,4.7,0.0,0.0,0.0,1.0,0.0,0.0,0,95.96765132565572,Stage 1,0,0.6584119083858633,0.8312934702158683
342,44.0,60.0,1.02,0.0,0.0,0.0,0.0,0.0,0.0,95.0,46.0,0.5,138.0,4.2,15.0,50.0,7700.0,6.3,0.0,0.0,0.0,1.0,0.0,0.0,0,128.98413839060925,Stage 1,0,2.085250448210518,0.33631665602635386
343,37.0,60.0,1.025,0.0,0.0,0.0,0.0,0.0,0.0,111.0,35.0,0.8,135.0,4.1,16.2,50.0,5500.0,5.7,0.0,0.0,0.0,1.0,0.0,0.0,0,116.8958586309369,Stage 1,0,2.2648317975740575,0.1517048073848839
344,64.0,60.0,1.02,0.0,0.0,0.0,0.0,0.0,0.0,106.0,27.0,0.7,150.0,3.3,14.4,42.0,8100.0,4.7,0.0,0.0,0.0,1.0,0.0,0.0,0,102.89291907841752,Stage 1,0,1.1623299624244987,1.3001105972471643
345,22.0,60.0,1.025,0.0,0.0,0.0,0.0,0.0,0.0,97.0,18.0,1.2,138.0,4.3,13.5,42.0,7900.0,6.4,0.0,0.0,0.0,1.0,0.0,0.0,0,87.68790484450044,Stage 2,0,1.6454339523612904,-0.7355757726855138
346,33.0,60.0,1.02,0.0,0.0,0.0,0.0,0.0,0.0,130.0,41.0,0.9,141.0,4.4,15.5,52.0,4300.0,5.8,0.0,0.0,0.0,1.0,0.0,0.0,0,115.65251831363415,Stage 1,0,2.1962413619791654,-0.10507968828472578
347,43.0,60.0,1.025,0.0,0.0,0.0,0.0,0.0,0.0,108.0,25.0,1.0,144.0,5.0,17.8,43.0,7200.0,5.5,0.0,0.0,0.0,1.0,0.0,0.0,0,95.77144262118296,Stage 1,0,2.119355692954869,0.6536611518572008
348,38.0,80.0,1.02,0.0,0.0,0.0,0.0,0.0,0.0,99.0,19.0,0.5,147.0,3.5,13.6,44.0,7300.0,6.4,0.0,0.0,0.0,1.0,0.0,0.0,0,133.8882152800958,Stage 1,0,1.5682295264778863,-0.7776311551174129
349,35.0,70.0,1.025,0.0,0.0,0.0,0.0,0.0,0.0,82.0,36.0,1.1,150.0,3.5,14.5,52.0,9400.0,6.1,0.0,0.0,0.0,1.0,0.0,0.0,0,89.77860808014712,Stage 2,0,1.3605027043588886,-0.36771437928779205
350,65.0,70.0,1.025,0.0,0.0,0.0,0.0,0.0,0.0,85.0,20.0,1.0,142.0,4.8,16.1,43.0,9600.0,4.5,0.0,0.0,0.0,1.0,0.0,0.0,0,83.5244957330708,Stage 2,0,0.9321171163875677,1.2268222320615383
351,29.0,80.0,1.02,0.0,0.0,0.0,0.0,0.0,0.0,83.0,49.0,0.9,139.0,3.3,17.5,40.0,9900.0,4.7,0.0,0.0,0.0,1.0,0.0,0.0,0,118.56571490163182,Stage 1,0,2.2373019225867314,-0.7866216410409964
352,37.0,60.0,1.02,0.0,0.0,0.0,0.0,0.0,0.0,109.0,47.0,1.1,141.0,4.9,15.0,48.0,7000.0,5.2,0.0,0.0,0.0,1.0,0.0,0.0,0,88.6688044296479,Stage 2,0,1.6224037034320484,0.11807688946905665
353,39.0,60.0,1.02,0.0,0.0,0.0,0.0,0.0,0.0,86.0,37.0,0.6,150.0,5.0,13.6,51.0,5800.0,4.5,0.0,0.0,0.0,1.0,0.0,0.0,0,125.92982753765011,Stage 1,0,1.883028639878063,-0.029584691518611695
354,32.0,60.0,1.025,0.0,0.0,0.0,0.0,0.0,0.0,102.0,17.0,0.4,147.0,4.7,14.6,41.0,6800.0,5.1,0.0,0.0,0.0,1.0,0.0,0.0,0,148.66722052555815,Stage 1,0,2.5537842297294437,-0.33072898762049635
355,23.0,60.0,1.02,0.0,0.0,0.0,0.0,0.0,0.0,95.0,24.0,0.8,145.0,5.0,15.0,52.0,6300.0,4.6,0.0,0.0,0.0,1.0,0.0,0.0,0,127.5302560308359,Stage 1,0,2.4931969939792595,-0.6609536592425409
356,34.0,70.0,1.025,0.0,0.0,0.0,0.0,0.0,0.0,87.0,38.0,0.5,144.0,4.8,17.1,47.0,7400.0,6.1,0.0,0.0,0.0,1.0,0.0,0.0,0,137.26075482886142,Stage 1,0,2.577166249571714,-0.2973191211478684
357,66.0,70.0,1.025,0.0,0.0,0.0,0.0,0.0,0.0,107.0,16.0,1.1,140.0,3.6,13.6,42.0,11000.0,4.9,0.0,0.0,0.0,1.0,0.0,0.0,0,74.03577596249424,Stage 2,0,0.3068502905038761,1.05828446141384
358,47.0,60.0,1.02,0.0,0.0,0.0,0.0,0.0,0.0,117.0,22.0,1.2,138.0,3.5,13.0,45.0,5200.0,5.6,0.0,0.0,0.0,1.0,0.0,0.0,0,75.06102725553306,Stage 2,0,0.8384672270890133,0.43619692696268214
359,74.0,60.0,1.02,0.0,0.0,0.0,0.0,0.0,0.0,88.0,50.0,0.6,147.0,3.7,17.2,53.0,6000.0,4.5,0.0,0.0,0.0,1.0,0.0,0.0,0,101.29624414576817,Stage 1,0,1.4506898159663797,2.0538564552955427
360,35.0,60.0,1.025,0.0,0.0,0.0,0.0,0.0,0.0,105.0,39.0,0.5,135.0,3.9,14.7,43.0,5800.0,6.2,0.0,0.0,0.0,1.0,0.0,0.0,0,136.4097381489225,Stage 1,0,2.3275992777021703,-0.14217388151783
361,29.0,80.0,1.02,0.0,0.0,0.0,0.0,0.0,0.0,70.0,16.0,0.7,138.0,3.5,13.7,54.0,5400.0,5.8,0.0,0.0,0.0,1.0,0.0,0.0,0,127.91478759809301,Stage 1,0,1.680815224270625,-1.1801374755092677
362,33.0,80.0,1.025,0.0,0.0,0.0,0.0,0.0,0.0,89.0,19.0,1.1,144.0,5.0,15.0,40.0,10300.0,4.8,0.0,0.0,0.0,1.0,0.0,0.0,0,90.90230234471952,Stage 1,0,1.28382178684277,-0.7560810320503258
363,67.0,80.0,1.025,0.0,0.0,0.0,0.0,0.0,0.0,99.0,40.0,0.5,138.0,4.4,17.8,44.0,5900.0,5.2,0.0,0.0,0.0,1.0,0.0,0.0,0,111.79261944780383,Stage 1,0,1.4114227456542787,1.0730582230700556
364,73.0,80.0,1.025,0.0,0.0,0.0,0.0,0.0,0.0,118.0,44.0,0.7,137.0,3.5,14.8,45.0,9300.0,4.7,0.0,0.0,0.0,1.0,0.0,0.0,0,97.29184069934524,Stage 1,0,0.5083339319525709,1.1039519547774468
365,24.0,80.0,1.02,0.0,0.0,0.0,0.0,0.0,0.0,93.0,46.0,1.0,145.0,3.5,12.649999999999999,40.0,10700.0,6.3,0.0,0.0,0.0,1.0,0.0,0.0,0,107.78421759717999,Stage 1,0,1.2876721417890227,-1.462331181749147
366,60.0,80.0,1.025,0.0,0.0,0.0,0.0,0.0,0.0,81.0,15.0,0.5,141.0,3.6,15.0,46.0,10500.0,5.3,0.0,0.0,0.0,1.0,0.0,0.0,0,116.76701697085385,Stage 1,0,1.1137136318901604,0.45346447642752563
367,68.0,60.0,1.025,0.0,0.0,0.0,0.0,0.0,0.0,125.0,41.0,1.1,139.0,3.8,17.4,50.0,6700.0,6.1,0.0,0.0,0.0,1.0,0.0,0.0,0,73.12057827578731,Stage 2,0,1.182077517987101,1.865067334419943
368,30.0,80.0,1.025,0.0,0.0,0.0,0.0,0.0,0.0,82.0,42.0,0.7,146.0,5.0,14.9,45.0,9400.0,5.9,0.0,0.0,0.0,1.0,0.0,0.0,0,127.12171591498485,Stage 1,0,1.8702005489199405,-1.0133638971826209
369,75.0,70.0,1.02,0.0,0.0,0.0,0.0,0.0,0.0,107.0,48.0,0.8,144.0,3.5,13.6,46.0,10300.0,4.8,0.0,0.0,0.0,1.0,0.0,0.0,0,92.29131560777913,Stage 1,0,0.3934560103391566,1.43291611544277
370,69.0,70.0,1.02,0.0,0.0,0.0,0.0,0.0,0.0,83.0,42.0,1.2,139.0,3.7,16.2,50.0,9300.0,5.4,0.0,0.0,0.0,1.0,0.0,0.0,0,65.46246228662315,Stage 2,0,0.5952302139023585,1.4778992714994184
371,28.0,60.0,1.025,0.0,0.0,0.0,0.0,0.0,0.0,79.0,50.0,0.5,145.0,5.0,17.6,51.0,6500.0,5.0,0.0,0.0,0.0,1.0,0.0,0.0,0,142.47951508875633,Stage 1,0,3.09998911136224,-0.2099285071670812
372,72.0,60.0,1.02,0.0,0.0,0.0,0.0,0.0,0.0,109.0,26.0,0.9,150.0,4.9,15.0,52.0,10500.0,5.5,0.0,0.0,0.0,1.0,0.0,0.0,0,90.74355678402048,Stage 1,0,0.915622276819823,1.7680292905562758
373,61.0,70.0,1.025,0.0,0.0,0.0,0.0,0.0,0.0,133.0,38.0,1.0,142.0,3.6,13.7,47.0,9200.0,4.9,0.0,0.0,0.0,1.0,0.0,0.0,0,85.62841253083518,Stage 2,0,0.6035525695813632,0.7973210986939828
374,79.0,80.0,1.025,0.0,0.0,0.0,0.0,0.0,0.0,111.0,44.0,1.2,146.0,3.6,16.3,40.0,8000.0,6.4,0.0,0.0,0.0,1.0,0.0,0.0,0,61.51517457044046,Stage 2,0,0.1155748961032294,1.6329968117554168
375,70.0,80.0,1.02,0.0,0.0,0.0,0.0,0.0,0.0,74.0,41.0,0.5,143.0,4.5,15.1,48.0,9700.0,5.6,0.0,0.0,0.0,1.0,0.0,0.0,0,109.72614200763799,Stage 1,0,0.8183420196359195,0.9582327524390344
376,58.0,70.0,1.025,0.0,0.0,0.0,0.0,0.0,0.0,88.0,16.0,1.1,147.0,3.5,16.4,53.0,9100.0,5.2,0.0,0.0,0.0,1.0,0.0,0.0,0,77.81255814000252,Stage 2,0,1.0498190131902432,0.9415475671287178
377,64.0,70.0,1.02,0.0,0.0,0.0,0.0,0.0,0.0,97.0,27.0,0.7,145.0,4.8,13.8,49.0,6400.0,4.8,0.0,0.0,0.0,1.0,0.0,0.0,0,102.89291907841752,Stage 1,0,0.8233635003506234,0.9025541936277338
378,71.0,60.0,1.025,0.0,0.0,0.0,0.0,0.0,0.0,121.0,42.0,0.9,140.0,4.8,15.2,42.0,7700.0,5.5,0.0,0.0,0.0,1.0,0.0,0.0,0,91.30967678005683,Stage 1,0,0.9820669621285654,1.7384942582057783
379,62.0,80.0,1.025,0.0,0.0,0.0,0.0,0.0,0.0,78.0,45.0,0.6,138.0,3.5,16.1,50.0,5400.0,5.7,0.0,0.0,0.0,1.0,0.0,0.0,0,109.1453992925152,Stage 1,0,1.1594401328691337,0.6765206511395296
380,59.0,60.0,1.02,0.0,0.0,0.0,0.0,0.0,0.0,113.0,23.0,1.1,139.0,3.5,15.3,54.0,6500.0,4.9,0.0,0.0,0.0,1.0,0.0,0.0,0,77.33012027953451,Stage 2,0,1.0459860200476012,1.2221440332621805
381,71.0,70.0,1.025,0.0,0.0,0.0,0.0,0.0,0.0,79.0,47.0,0.5,142.0,4.8,16.6,40.0,5800.0,5.9,0.0,0.0,0.0,1.0,0.0,0.0,0,109.04583992719063,Stage 1,0,1.2927784342090074,1.4929347610952117
382,48.0,80.0,1.025,0.0,0.0,0.0,0.0,0.0,0.0,75.0,22.0,0.8,137.0,5.0,16.8,51.0,6000.0,6.5,0.0,0.0,0.0,1.0,0.0,0.0,0,109.16616197879256,Stage 1,0,1.5748961567914717,0.07651282736167068
383,80.0,80.0,1.025,0.0,0.0,0.0,0.0,0.0,0.0,119.0,46.0,0.7,141.0,4.9,13.9,49.0,5100.0,5.0,0.0,0.0,0.0,1.0,0.0,0.0,0,93.14710613351657,Stage 1,0,0.13316555572693142,1.3600563950731783
384,57.0,60.0,1.02,0.0,0.0,0.0,0.0,0.0,0.0,132.0,18.0,1.1,150.0,4.7,15.4,42.0,11000.0,4.5,0.0,0.0,0.0,1.0,0.0,0.0,0,78.29800577581257,Stage 2,0,1.1210481995963293,1.1343953348892712
385,63.0,70.0,1.02,0.0,0.0,0.0,0.0,0.0,0.0,113.0,25.0,0.6,146.0,4.9,16.5,52.0,8000.0,5.1,0.0,0.0,0.0,1.0,0.0,0.0,0,108.46869781690161,Stage 1,0,1.4304009673478544,1.1039909043258718
386,46.0,70.0,1.025,0.0,0.0,0.0,0.0,0.0,0.0,100.0,47.0,0.5,142.0,3.5,16.4,43.0,5700.0,6.5,0.0,0.0,0.0,1.0,0.0,0.0,0,127.38969322484543,Stage 1,0,2.0509278472158874,0.23334696806289537
387,15.0,80.0,1.025,0.0,0.0,0.0,0.0,0.0,0.0,93.0,17.0,0.9,136.0,3.9,16.7,50.0,6200.0,5.2,0.0,0.0,0.0,1.0,0.0,0.0,0,129.3520245710608,Stage 1,0,2.5418210789965423,-1.5608116307748061
388,51.0,80.0,1.02,0.0,0.0,0.0,0.0,0.0,0.0,94.0,15.0,1.2,144.0,3.7,15.5,46.0,9500.0,6.4,0.0,0.0,0.0,1.0,0.0,0.0,0,73.21675440925675,Stage 2,0,0.7332951293718666,0.19640965604005545
389,41.0,80.0,1.025,0.0,0.0,0.0,0.0,0.0,0.0,112.0,48.0,0.7,140.0,5.0,17.0,52.0,7200.0,5.8,0.0,0.0,0.0,1.0,0.0,0.0,0,118.71583812400851,Stage 1,0,1.9041602190453928,-0.26188502673548886
390,52.0,80.0,1.025,0.0,0.0,0.0,0.0,0.0,0.0,99.0,25.0,0.8,135.0,3.7,15.0,52.0,6300.0,5.3,0.0,0.0,0.0,1.0,0.0,0.0,0,106.48391533721266,Stage 1,0,1.118196314290178,0.09861189250972227
391,36.0,80.0,1.025,0.0,0.0,0.0,0.0,0.0,0.0,85.0,16.0,1.1,142.0,4.1,15.6,44.0,5800.0,6.3,0.0,0.0,0.0,1.0,0.0,0.0,0,89.22198071005022,Stage 2,0,1.3067711619717086,-0.550571087679301
392,57.0,80.0,1.02,0.0,0.0,0.0,0.0,0.0,0.0,133.0,48.0,1.2,147.0,4.3,14.8,46.0,6600.0,5.5,0.0,0.0,0.0,1.0,0.0,0.0,0,70.53496055256451,Stage 2,0,0.43723074975881554,0.4199068395272885
393,43.0,60.0,1.025,0.0,0.0,0.0,0.0,0.0,0.0,117.0,45.0,0.7,141.0,4.4,13.0,54.0,7400.0,5.4,0.0,0.0,0.0,1.0,0.0,0.0,0,117.24832516808829,Stage 1,0,1.5563559143636143,0.1255798203855474
394,50.0,80.0,1.02,0.0,0.0,0.0,0.0,0.0,0.0,137.0,46.0,0.8,139.0,5.0,14.1,45.0,9500.0,4.6,0.0,0.0,0.0,1.0,0.0,0.0,0,107.81669791752199,Stage 1,0,1.0133852907809084,-0.0878590288524203
395,55.0,80.0,1.02,0.0,0.0,0.0,0.0,0.0,0.0,140.0,49.0,0.5,150.0,4.9,15.7,47.0,6700.0,4.9,0.0,0.0,0.0,1.0,0.0,0.0,0,120.45510858258702,Stage 1,0,1.4025340081568545,0.2736101589713633
396,42.0,70.0,1.025,0.0,0.0,0.0,0.0,0.0,0.0,75.0,31.0,1.2,141.0,3.5,16.5,54.0,7800.0,6.2,0.0,0.0,0.0,1.0,0.0,0.0,0,77.4318332602656,Stage 2,0,1.3988082625953882,0.1947042931373256
397,12.0,80.0,1.02,0.0,0.0,0.0,0.0,0.0,0.0,100.0,26.0,0.6,137.0,4.4,15.8,49.0,6600.0,5.4,0.0,0.0,0.0,1.0,0.0,0.0,0,148.95524958556103,Stage 1,0,2.738312809137164,-1.8436031928653729
398,17.0,60.0,1.025,0.0,0.0,0.0,0.0,0.0,0.0,114.0,50.0,1.0,135.0,4.9,14.2,51.0,7200.0,5.9,0.0,0.0,0.0,1.0,0.0,0.0,0,112.58025464942592,Stage 1,0,2.2482038729420726,-0.9791636818460023
399,58.0,80.0,1.025,0.0,0.0,0.0,0.0,0.0,0.0,131.0,18.0,1.1,141.0,3.5,15.8,53.0,6800.0,6.1,0.0,0.0,0.0,1.0,0.0,0.0,0,77.81255814000252,Stage 2,0,0.7108525511163684,0.5439911635092874
