,id,age,bp,sg,al,su,rbc,pc,pcc,ba,bgr,bu,sc,sod,pot,hemo,pcv,wc,rc,htn,dm,cad,appet,pe,ane
id,1.0,-0.18530782714267827,-0.24574410447852718,0.6421561536357301,-0.5419926613679344,-0.28341552094358574,-0.471300791015287,-0.411358484947969,-0.2622346139227782,-0.11421266845730178,-0.3386727058302893,-0.30717534568665816,-0.2686832115109982,0.36425109118274474,-0.0923472862312776,0.6402983531840146,0.6300190675674762,-0.19864090085948743,0.6050716937226143,-0.5186085377794039,-0.4735784705101009,-0.20472371287019703,0.37378722322024643,-0.3074753951640091,-0.27252337585494024
age,-0.18530782714267827,1.0,0.1594796934454536,-0.19109638084641017,0.12209098320819319,0.22086632541242462,0.0799871808631202,0.1508670445526146,0.15769299754448796,0.04215956715921529,0.24499219961690563,0.1969848707760301,0.13253086524238816,-0.10004598307595658,0.05837712001005256,-0.19292833896805342,-0.24211940926833395,0.11833852042973834,-0.2688962851878897,0.4002538244739921,0.3694200483086359,0.2335600562207311,-0.16116795737969405,0.09762137534663126,0.05334574357844507
bp,-0.24574410447852718,0.1594796934454536,1.0,-0.21883606991698526,0.16068863862750546,0.2225760257666732,0.29412908229381357,0.18930960361297436,0.05789133962945194,0.11120403883252779,0.16019346180582358,0.1885172453103113,0.14622202011373847,-0.1164220357241557,0.07515106557193275,-0.3065398884398657,-0.3263193050079189,0.02975329653102299,-0.26193581014796186,0.2713014636546939,0.22894600342166088,0.08560233057428814,-0.17791357522367024,0.05404465874728123,0.19734484830008817
sg,0.6421561536357301,-0.19109638084641017,-0.21883606991698526,1.0,-0.4697598491860105,-0.29623374836036337,-0.3957742750730282,-0.37440719477481843,-0.29161760894675276,-0.22065572087496824,-0.3747095917361749,-0.31429497919151644,-0.36147283732349544,0.4121898133018167,-0.07278714191556801,0.602582277611133,0.6035599000086799,-0.2362150431725582,0.5794757530039493,-0.40008495760112345,-0.4310461191981191,-0.174722000418654,0.26849759781282995,-0.29861813025314576,-0.2426992376558924
al,-0.5419926613679344,0.12209098320819319,0.16068863862750546,-0.4697598491860105,1.0,0.2693046462503098,0.4378733707777029,0.5585346333038219,0.40128381163759047,0.3683731881674114,0.3794642164810221,0.4535283172503908,0.3991983006303371,-0.4598960583583593,0.12903818382161428,-0.6346317780901195,-0.6118911251338759,0.23198928604222682,-0.5664367099595836,0.5257560383511972,0.4136094295476356,0.2683236156175709,-0.3574546914068434,0.47727402694220417,0.32118741386759364
su,-0.28341552094358574,0.22086632541242462,0.2225760257666732,-0.29623374836036337,0.2693046462503098,1.0,0.16460860064619917,0.2028153765160769,0.15122239648646954,0.1070469366266573,0.7178267668666227,0.16858286812689055,0.22324408509178736,-0.13177561121110004,0.2194495152060018,-0.22477515765643113,-0.23918940362340432,0.18489257864588698,-0.23744794733241026,0.3219333383723749,0.5233720223599494,0.27997926001607715,-0.0874172268636611,0.1430851624864994,0.075232689159583
rbc,-0.471300791015287,0.0799871808631202,0.29412908229381357,-0.3957742750730282,0.4378733707777029,0.16460860064619917,1.0,0.42639548196515603,0.11028201505801595,0.1806568716926164,0.2930972345041254,0.28802110689541605,0.301159355747981,-0.3465778023678767,-0.03508581332084926,-0.47157523833686715,-0.44767043422575953,-0.004201005814779927,-0.38153811691548567,0.3065793538875879,0.339051263712383,0.19372998379116319,-0.2827083931368188,0.3022342686837112,0.1899510082119338
pc,-0.411358484947969,0.1508670445526146,0.18930960361297436,-0.37440719477481843,0.5585346333038219,0.2028153765160769,0.42639548196515603,1.0,0.5145775809915243,0.3296545577797532,0.3296119335461385,0.43570014327286977,0.35673407951429037,-0.35883284971719215,0.18521145699143185,-0.5419033644344484,-0.5417182611273126,0.13430309079988773,-0.5481124972915075,0.3830956708583875,0.3015567569455392,0.2151180184763344,-0.3166248610499363,0.41572302141406803,0.32964314825726687
pcc,-0.2622346139227782,0.15769299754448796,0.05789133962945194,-0.29161760894675276,0.40128381163759047,0.15122239648646954,0.11028201505801595,0.5145775809915243,1.0,0.2744911517594795,0.2088564411994365,0.1832433717666675,0.04855263635961457,-0.18064040237391982,-0.008384979911941115,-0.2857264822027109,-0.3129417498122651,0.18994366475000812,-0.35024802683026857,0.1926730911271983,0.16226079229256776,0.18673810581998992,-0.18793227355382158,0.10248461289536945,0.17436385770936894
ba,-0.11421266845730178,0.04215956715921529,0.11120403883252779,-0.22065572087496824,0.3683731881674114,0.1070469366266573,0.1806568716926164,0.3296545577797532,0.2744911517594795,1.0,0.0935823402752084,0.15748691721713112,0.04983696303777926,-0.08941058329302252,-0.0032324589881930293,-0.21946095338230678,-0.20845401862186513,0.11759951883345646,-0.23143281479946828,0.0866683728735222,0.07776143664738656,0.16146107407544064,-0.1478716321069961,0.13350035668074778,0.05100086182407083
bgr,-0.3386727058302893,0.24499219961690563,0.16019346180582358,-0.3747095917361749,0.3794642164810221,0.7178267668666227,0.2930972345041254,0.3296119335461385,0.2088564411994365,0.0935823402752084,1.0,0.1433220200458159,0.11487499984094197,-0.2678475861576884,0.06696579455295659,-0.3061892815042019,-0.3013847434100505,0.15001468216754688,-0.28154071235952227,0.3902025763811491,0.5263264680924672,0.22882909028488382,-0.18517850698635488,0.10868588819714163,0.140120560917009
bu,-0.30717534568665816,0.1969848707760301,0.1885172453103113,-0.31429497919151644,0.4535283172503908,0.16858286812689055,0.28802110689541605,0.43570014327286977,0.1832433717666675,0.15748691721713112,0.1433220200458159,1.0,0.5863678207097766,-0.3230542352893529,0.3570490813524044,-0.6103602784857799,-0.6076213553320026,0.05046201708218004,-0.5790865252805201,0.39426913388540896,0.3177761337090562,0.22661302434151925,-0.27844704531187864,0.3454250839973722,0.44340384276049677
sc,-0.2686832115109982,0.13253086524238816,0.14622202011373847,-0.36147283732349544,0.3991983006303371,0.22324408509178736,0.301159355747981,0.35673407951429037,0.04855263635961457,0.04983696303777926,0.11487499984094197,0.5863678207097766,1.0,-0.6901578920579902,0.32610713186923973,-0.4016696244358105,-0.4041930644204258,-0.006389910334803647,-0.40085197686977436,0.27793604044084874,0.20798637504723985,0.1922162114672876,-0.1642209550357692,0.17980931902248834,0.23967708545425448
sod,0.36425109118274474,-0.10004598307595658,-0.1164220357241557,0.4121898133018167,-0.4598960583583593,-0.13177561121110004,-0.3465778023678767,-0.35883284971719215,-0.18064040237391982,-0.08941058329302252,-0.2678475861576884,-0.3230542352893529,-0.6901578920579902,1.0,0.09788671547835219,0.3651826522575266,0.37691355206594424,0.007277275891275176,0.34487348202530793,-0.3476975371046854,-0.3075373995011267,-0.23510920922149758,0.1869128680122883,-0.1697264575506032,-0.22731028829423047
pot,-0.0923472862312776,0.05837712001005256,0.07515106557193275,-0.07278714191556801,0.12903818382161428,0.2194495152060018,-0.03508581332084926,0.18521145699143185,-0.008384979911941115,-0.0032324589881930293,0.06696579455295659,0.3570490813524044,0.32610713186923973,0.09788671547835219,1.0,-0.13374604176482113,-0.16318228377469474,-0.10557621833452088,-0.15830931712780735,0.0647829471891548,0.07157410943331907,0.006444299357707662,0.020122973864320395,0.06898242817014243,0.1157088306594053
hemo,0.6402983531840146,-0.19292833896805342,-0.3065398884398657,0.602582277611133,-0.6346317780901195,-0.22477515765643113,-0.47157523833686715,-0.5419033644344484,-0.2857264822027109,-0.21946095338230678,-0.3061892815042019,-0.6103602784857799,-0.4016696244358105,0.3651826522575266,-0.13374604176482113,1.0,0.8953817669928061,-0.16941306580481366,0.798880246744564,-0.6188671002043062,-0.5009332365745768,-0.28524716478447376,0.43136409737065623,-0.42025754084364836,-0.5829978134547543
pcv,0.6300190675674762,-0.24211940926833395,-0.3263193050079189,0.6035599000086799,-0.6118911251338759,-0.23918940362340432,-0.44767043422575953,-0.5417182611273126,-0.3129417498122651,-0.20845401862186513,-0.3013847434100505,-0.6076213553320026,-0.4041930644204258,0.37691355206594424,-0.16318228377469474,0.8953817669928061,1.0,-0.19702236172906454,0.7916252713729907,-0.6328885854677672,-0.506096775101514,-0.3138845937367936,0.4569832526590891,-0.454560482801482,-0.5642597938304873
wc,-0.19864090085948743,0.11833852042973834,0.02975329653102299,-0.2362150431725582,0.23198928604222682,0.18489257864588698,-0.004201005814779927,0.13430309079988773,0.18994366475000812,0.11759951883345646,0.15001468216754688,0.05046201708218004,-0.006389910334803647,0.007277275891275176,-0.10557621833452088,-0.16941306580481366,-0.19702236172906454,1.0,-0.158162762526412,0.14641874517239803,0.18484703592092505,0.010618471695953952,-0.1816111238835471,0.17428506024449708,0.043422870935949924
rc,0.6050716937226143,-0.2688962851878897,-0.26193581014796186,0.5794757530039493,-0.5664367099595836,-0.23744794733241026,-0.38153811691548567,-0.5481124972915075,-0.35024802683026857,-0.23143281479946828,-0.28154071235952227,-0.5790865252805201,-0.40085197686977436,0.34487348202530793,-0.15830931712780735,0.798880246744564,0.7916252713729907,-0.158162762526412,1.0,-0.6477667944925756,-0.5260118781340749,-0.3588421123163771,0.5113303211617235,-0.45476370987343234,-0.508222599549981
htn,-0.5186085377794039,0.4002538244739921,0.2713014636546939,-0.40008495760112345,0.5257560383511972,0.3219333383723749,0.3065793538875879,0.3830956708583875,0.1926730911271983,0.0866683728735222,0.3902025763811491,0.39426913388540896,0.27793604044084874,-0.3476975371046854,0.0647829471891548,-0.6188671002043062,-0.6328885854677672,0.14641874517239803,-0.6477667944925756,1.0,0.6070337421039284,0.3248620128488364,-0.3432333674976092,0.3693746978031466,0.34637357234824
dm,-0.4735784705101009,0.3694200483086359,0.22894600342166088,-0.4310461191981191,0.4136094295476356,0.5233720223599494,0.339051263712383,0.3015567569455392,0.16226079229256776,0.07776143664738656,0.5263264680924672,0.3177761337090562,0.20798637504723985,-0.3075373995011267,0.07157410943331907,-0.5009332365745768,-0.506096775101514,0.18484703592092505,-0.5260118781340749,0.6070337421039284,1.0,0.27048399907664,-0.32331586413060664,0.3066974741731348,0.18187427472659046
cad,-0.20472371287019703,0.2335600562207311,0.08560233057428814,-0.174722000418654,0.2683236156175709,0.27997926001607715,0.19372998379116319,0.2151180184763344,0.18673810581998992,0.16146107407544064,0.22882909028488382,0.22661302434151925,0.1922162114672876,-0.23510920922149758,0.006444299357707662,-0.28524716478447376,-0.3138845937367936,0.010618471695953952,-0.3588421123163771,0.3248620128488364,0.27048399907664,1.0,-0.15514036002068277,0.17139134258009603,0.046780094170413435
appet,0.37378722322024643,-0.16116795737969405,-0.17791357522367024,0.26849759781282995,-0.3574546914068434,-0.0874172268636611,-0.2827083931368188,-0.3166248610499363,-0.18793227355382158,-0.1478716321069961,-0.18517850698635488,-0.27844704531187864,-0.1642209550357692,0.1869128680122883,0.020122973864320395,0.43136409737065623,0.4569832526590891,-0.1816111238835471,0.5113303211617235,-0.3432333674976092,-0.32331586413060664,-0.15514036002068277,1.0,-0.41669544305296896,-0.25454612642833185
pe,-0.3074753951640091,0.09762137534663126,0.05404465874728123,-0.29861813025314576,0.47727402694220417,0.1430851624864994,0.3022342686837112,0.41572302141406803,0.10248461289536945,0.13350035668074778,0.10868588819714163,0.3454250839973722,0.17980931902248834,-0.1697264575506032,0.06898242817014243,-0.42025754084364836,-0.454560482801482,0.17428506024449708,-0.45476370987343234,0.3693746978031466,0.3066974741731348,0.17139134258009603,-0.41669544305296896,1.0,0.20662189626624283
ane,-0.27252337585494024,0.05334574357844507,0.19734484830008817,-0.2426992376558924,0.32118741386759364,0.075232689159583,0.1899510082119338,0.32964314825726687,0.17436385770936894,0.05100086182407083,0.140120560917009,0.44340384276049677,0.23967708545425448,-0.22731028829423047,0.1157088306594053,-0.5829978134547543,-0.5642597938304873,0.043422870935949924,-0.508222599549981,0.34637357234824,0.18187427472659046,0.046780094170413435,-0.25454612642833185,0.20662189626624283,1.0
