Feature,Importance
id,0.22814903947735657
hemo,0.15234647210333574
PC1,0.12928134490927864
rc,0.08522456735455919
pcv,0.07370856203649513
Risk_Cluster,0.0732381352904919
eGFR,0.049528681358507146
sg,0.04688969121686698
sc,0.04609454483460395
al,0.02134413684398749
dm,0.014965030481180868
htn,0.013090330043701002
bgr,0.011249955166654993
PC2,0.009653346480567402
sod,0.008495240334828383
bu,0.006256100151264155
bp,0.005216545270749603
age,0.004872501338852046
pe,0.00451564520267141
pc,0.004042575344049072
wc,0.002980034721651451
pot,0.0028455900832430525
su,0.0018717983141056684
rbc,0.0018667823428989443
appet,0.001630519290634503
pcc,0.0002634054684268097
ba,0.00023888729850053795
cad,0.00013736263736263734
ane,3.174603174603192e-06
