Actual_eGFR,Predicted_eGFR_LinearRegression,Predicted_eGFR_RandomForest
81.15741185120936,102.83840736801454,81.87376911917552
106.00857280356708,93.74298605502469,106.25242631505547
28.69398651530593,35.34608165476908,29.245482217343465
4.06787823231916,-5.0421949989435575,3.89175534598363
10.054955877570327,-0.8836316769727546,11.630956679354071
3.3628724630310916,-12.85686164028533,3.3947699245430685
115.65251831363415,113.12033107616725,116.6993287163285
47.51928343982289,50.56363083991113,48.60667504175522
71.4177959219211,84.71190511097979,71.46189317052139
15.340405327344152,17.002885727622072,17.53140955541932
8.42222729354492,30.342400039650727,8.29184074818088
127.91478759809301,119.26609260272966,131.34139678858287
5.104776093108507,0.6183373881055445,5.3730857965906935
61.34551929480377,47.19907633794645,63.0146708357327
3.930737775983936,2.7644955598198067,3.7386133690920325
93.41830841115338,39.05674606918586,92.16244925950541
74.59564888654876,89.48417840455971,74.14288495444477
77.81255814000252,102.19397853053812,77.70733030584267
25.04547442065534,47.047441329491846,26.83886973085386
108.46869781690161,93.57406664088745,105.50634367318273
20.428283353180944,36.15753413595229,21.222755340905774
6.465670557826314,1.8029582362436827,5.740471665016007
89.22198071005022,114.43412458577285,89.24081792010111
140.7182460142158,110.42286890189797,141.7336925534414
74.59564888654876,61.62604237701015,73.07308600006549
77.4318332602656,114.8942885611147,78.49468842375425
57.36410981174405,104.89797296790715,43.25419380861587
26.16268927570836,15.280554192656496,26.01680280499163
100.86324282087661,89.36570936558616,102.9758501883457
38.6890390940189,43.13175102847998,38.327000859327484
120.45510858258702,88.11758617960612,115.81332301130234
3.1749202656251825,11.272477757501747,3.3835459919755992
74.13315586345216,90.44269456433159,73.64988775707054
7.1798495957168225,2.859136613703811,8.25324700392028
66.92632120279765,89.26999687913832,67.86494877675773
120.45510858258702,76.22465691874271,115.3579770557442
62.50084225939999,56.52049094796649,63.55613810659324
128.98413839060925,101.56420618759574,122.4328421988119
49.46503331561822,22.546401952659323,52.18159634764589
9.607941424315674,-2.5957079643722523,10.307837906791391
109.04583992719063,80.85483522464784,105.18852449723467
73.47034298312357,64.74779777635496,80.45277165159271
7.119152244479867,30.164602002026015,5.661013278304775
39.63816777429085,31.179137387257185,39.52829782307499
45.73374291615419,60.46486148699677,41.52022004900947
109.16616197879256,111.13130618560848,107.74841940256519
0.7806129294605632,-22.96225820141251,2.136415650900455
36.72203981579472,85.99827254268149,36.04710544257915
8.015712301061573,21.19719426027683,8.232996457629962
10.362744596524873,106.09767076195402,8.016894480002518
74.59564888654876,68.05218910593675,72.88228414807672
83.5244957330708,80.32241885466766,85.13155268000045
100.06309588894229,83.24911892570918,101.91585281657183
104.83070611929934,49.320729179455896,103.97135476493362
61.51517457044046,69.1824061360324,64.33161738551316
17.30302490335442,16.755592051741758,18.928752707578415
58.7321357628218,40.29340955194067,61.583498715202104
23.715882371611393,33.56440715534433,22.355867044382805
8.181567279814416,22.92976166390332,8.11758283798592
115.45084346071906,79.49546422807992,120.55653379618832
27.815434727676866,20.17748403306058,29.307302764246383
96.08916177302986,68.04340957470532,96.37755059686107
81.38185828569807,105.14903016033469,83.07881555854401
20.050668203816155,21.102304231235564,21.17777766334
13.59767337738525,33.1136180516192,13.701502439974893
48.85356833838521,38.41689577441167,52.38831200304338
88.6688044296479,105.40356864871563,89.02702436390979
88.88407112743099,90.25687294544429,89.06415165198682
107.81669791752199,95.30693839731356,106.94460262437683
9.068473223432408,12.132234846430151,9.254690608212362
70.53496055256451,83.62214559960938,70.7715150370183
65.46246228662315,50.78291190364638,65.80172554965355
76.8506735338014,46.62753852085547,76.89377736410397
10.629247799049734,36.63529781505241,10.797411947995757
73.21675440925675,100.37399549142441,73.19994674286087
3.5442037914527806,-4.093727774246588,3.6132125549767737
49.943381525516024,53.21140131711496,49.317038020259034
92.29131560777913,71.80980701701054,97.23529707982075
58.092422951932356,78.11341360817181,47.45952277108586
109.3568584605196,100.4949215788975,114.09775894533067
